time,type
208,N
944,N
1688,N
2440,N
3196,N
3916,N
4672,N
5452,N
6220,N
6932,N
7656,N
8404,N
9164,N
9892,N
10648,N
11412,N
12152,N
12900,N
13680,N
14496,N
15244,N
16004,N
16800,N
17556,N
18288,N
19040,N
19892,N
20736,N
21484,N
22236,N
23024,N
23800,N
24548,N
25328,N
26152,N
26936,N
27684,N
28460,N
29264,N
30108,N
30900,N
31712,N
32516,N
33288,N
34044,N
34776,N
35576,N
36424,N
37248,N
37992,N
38708,N
39416,N
40100,N
40784,N
41488,N
42144,N
42784,N
43432,N
44084,N
44788,N
45600,N
46368,N
47076,N
47824,N
48636,N
49436,N
50172,N
50932,N
51688,N
52456,N
53228,N
54004,N
54812,N
55576,N
56324,N
57156,N
57980,N
58760,N
59552,N
60424,N
61296,N
62084,N
62888,N
63700,N
64468,N
65200,N
65908,N
66668,N
67556,N
68384,N
69140,N
69948,N
70780,N
71628,N
72364,N
73100,N
73864,N
74720,N
75500,N
76216,N
76928,N
77708,N
78584,N
79356,N
80068,N
80820,N
81628,N
82412,N
83144,N
83840,N
84532,N
85304,N
86188,N
86996,N
87736,N
88428,N
89088,N
89764,N
90816,N
91716,N
92552,N
93352,N
94180,N
94976,N
95772,N
96500,N
97256,N
97976,N
98680,N
99400,N
100152,N
101020,N
101796,N
102512,N
103264,N
104184,N
104996,N
105752,N
106500,N
107288,N
108108,N
108872,N
109612,N
110416,N
111296,N
112072,N
112816,N
113616,N
114472,N
115224,N
115940,N
116724,N
117604,N
118388,N
119096,N
119776,N
120520,N
121608,N
122520,N
123340,N
124076,N
124796,N
125564,N
126420,N
127196,N
128032,N
128788,N
129532,N
130460,N
131364,N
132192,N
133024,N
133868,N
134668,N
135464,N
136240,N
136980,N
137756,N
138544,N
139328,N
140080,N
140748,N
141408,N
142072,N
143072,N
143916,N
144708,N
145448,N
146220,N
147012,N
147812,N
148576,N
149288,N
150000,N
150772,N
151592,N
152344,N
153124,N
153924,N
154704,N
155464,N
156224,N
157008,N
157752,N
158456,N
159156,N
159896,N
160676,N
161472,N
162220,N
162956,N
163712,N
164456,N
165188,N
165936,N
166688,N
167436,N
168184,N
168900,N
169580,N
170256,N
170968,N
171768,N
172540,N
173256,N
173964,N
174712,N
175496,N
176220,N
176948,N
177688,N
178436,N
179164,N
179884,N
180624,N
181508,N
182340,N
183088,N
183780,N
184496,N
185252,N
186028,N
186756,N
187472,N
188240,N
189180,N
190048,N
190800,N
191544,N
192348,N
193152,N
193908,N
194624,N
195304,N
196012,N
196920,N
197744,N
198464,N
199160,N
199932,N
200824,N
201672,N
202416,N
203108,N
203832,N
204656,N
205412,N
206124,N
206812,N
207484,N
208252,N
209188,N
210012,N
210792,N
211504,N
212188,N
212896,N
213724,N
214532,N
215276,N
215972,N
216664,N
217424,N
218228,N
219040,N
219788,N
220492,N
221228,N
222004,N
222764,N
223464,N
224200,N
224964,N
225744,N
226444,N
227120,N
227840,N
228668,N
229464,N
230188,N
230896,N
231688,N
232540,N
233300,N
234044,N
234764,N
235552,N
236384,N
237116,N
237804,N
238504,N
239268,N
240092,N
240852,N
241600,N
242364,N
243148,N
243908,N
244628,N
245328,N
246104,N
246920,N
247668,N
248388,N
249148,N
249912,N
250660,N
251376,N
252140,N
252940,N
253756,N
254520,N
255260,N
256000,N
256788,N
257616,N
258368,N
259091,N
259839,N
260608,N
261392,N
262144,N
262856,N
263548,N
264300,N
265276,N
266164,N
266944,N
267720,N
268444,N
269160,N
269904,N
270692,N
271432,N
272156,N
272944,N
273804,N
274624,N
275420,N
276212,N
276964,N
277672,N
278348,N
279072,N
280064,N
280828,N
281524,N
282204,N
282848,N
283472,N
284100,N
284716,N
285336,N
286032,N
287080,N
287980,N
288804,N
289512,N
290164,N
290784,N
291408,N
292092,N
293060,N
293796,N
294484,N
295216,N
296180,N
297024,N
297772,N
298544,N
299516,N
300428,N
301212,N
301948,N
302740,N
303660,N
304452,N
305176,N
305864,N
306556,N
307624,N
308528,N
309328,N
310072,N
310812,N
311656,N
312516,N
313264,N
313964,N
314640,N
315304,N
316060,N
317120,N
317996,N
318836,N
319620,N
320332,N
321020,N
321732,N
322644,N
323520,N
324272,N
324988,N
325716,N
326572,N
327480,N
328376,N
329232,N
330000,N
330704,N
331392,N
332120,N
333072,N
333916,N
334656,N
335436,N
336272,N
337028,N
337748,N
338496,N
339320,N
340144,N
340888,N
341628,N
342440,N
343272,N
344040,N
344772,N
345600,N
346472,N
347236,N
347960,N
348684,N
349528,N
350420,N
351204,N
351944,N
352752,N
353640,N
354448,N
355192,N
355976,N
356820,N
357604,N
358332,N
359060,N
359860,N
360688,N
361432,N
362152,N
362920,N
363856,N
364672,N
365408,N
366132,N
366928,N
367780,N
368536,N
369260,N
369992,N
370880,N
371760,N
372524,N
373248,N
373976,N
374824,N
375692,N
376436,N
377144,N
377816,N
378516,N
379352,N
380164,N
380988,N
381732,N
382456,N
383228,N
384104,N
384896,N
385636,N
386344,N
387112,N
387992,N
388768,N
389480,N
390184,N
390944,N
391832,N
392604,N
393348,N
394136,N
394932,N
395672,N
396372,N
397132,N
398160,N
399016,N
399792,N
400508,N
401288,N
402112,N
402904,N
403636,N
404336,N
405088,N
406084,N
406884,N
407632,N
408360,N
409184,N
410092,N
410860,N
411588,N
412312,N
413084,N
413940,N
414716,N
415468,N
416224,N
417096,N
417944,N
418712,N
419444,N
420148,N
420888,N
421740,N
422632,N
423436,N
424200,N
424924,N
425640,N
426372,N
427244,N
428168,N
428960,N
429688,N
430440,N
431244,N
432076,N
432820,N
433520,N
434216,N
434980,N
435856,N
436656,N
437384,N
438188,N
439000,N
439796,N
440524,N
441212,N
441924,N
442660,N
443468,N
444260,N
445052,N
445788,N
446484,N
447192,N
447932,N
448732,N
449456,N
450160,N
450908,N
451696,N
452524,N
453300,N
454036,N
454752,N
455472,N
456260,N
457064,N
457872,N
458632,N
459376,N
460092,N
460784,N
461464,N
462192,N
463056,N
463876,N
464604,N
465316,N
466044,N
466840,N
467672,N
468424,N
469196,N
470012,N
470868,N
471672,N
472452,N
473236,N
473964,N
474712,N
475524,N
476324,N
477100,N
477960,N
478808,N
479572,N
480332,N
481140,N
481960,N
482716,N
483448,N
484236,N
485040,N
485844,N
486592,N
487380,N
488160,N
488908,N
489620,N
490372,N
491108,N
491864,N
492584,N
493312,N
494044,N
494816,N
495564,N
496344,N
497068,N
497768,N
498436,N
499088,N
499736,N
500504,N
501416,N
502124,N
502808,N
503536,N
504320,N
505072,N
505784,N
506496,N
507380,N
508240,N
508984,N
509716,N
510560,N
511444,N
512248,N
512980,N
513732,N
514504,N
515336,N
516131,N
516868,N
517664,N
518412,N
519148,N
519900,N
520668,N
521460,N
522260,N
522996,N
523712,N
524460,N
525224,N
525992,N
526724,N
527416,N
528104,N
528824,N
529584,N
530340,N
531044,N
531744,N
532492,N
533240,N
533980,N
534676,N
535412,N
536156,N
536876,N
537584,N
538328,N
539080,N
539868,N
540620,N
541340,N
542032,N
542744,N
543468,N
544200,N
544912,N
545656,N
546396,N
547148,N
547872,N
548564,N
549236,N
549952,N
550720,N
551508,N
552224,N
552948,N
553704,N
554408,N
555104,N
555832,N
556580,N
557304,N
558028,N
558776,N
559532,N
560280,N
561036,N
561744,N
562432,N
563144,N
563864,N
564580,N
565272,N
566024,N
566808,N
567564,N
568300,N
569072,N
569856,N
570596,N
571316,N
572076,N
572860,N
573664,N
574424,N
575248,N
575980,N
576712,N
577464,N
578208,N
578924,N
579684,N
580436,N
581208,N
581928,N
582656,N
583404,N
584180,N
584904,N
585652,N
586432,N
587192,N
587916,N
588680,N
589464,N
590244,N
590964,N
591656,N
592388,N
593124,N
593868,N
594600,N
595408,N
596180,N
596932,N
597684,N
598500,N
599340,N
600104,N
600848,N
601620,N
602400,N
603164,N
603900,N
604680,N
605504,N
606304,N
607044,N
607788,N
608560,N
609356,N
610136,N
610964,N
611872,N
612636,N
613400,N
614272,N
615104,N
615860,N
616588,N
617464,N
618384,N
619176,N
619916,N
620680,N
621404,N
622124,N
622872,N
623660,N
624416,N
625144,N
625876,N
626668,N
627524,N
628288,N
629020,N
629788,N
630608,N
631404,N
632200,N
632964,N
633688,N
634384,N
635080,N
635852,N
636788,N
637644,N
638488,N
639268,N
639980,N
640672,N
641416,N
642232,N
642976,N
643712,N
644480,N
645260,N
646060,N
646828,N
647548,N
648260,N
649008,N
649804,N
650604,N
651360,N
652172,N
652988,N
653824,N
654628,N
655384,N
656160,N
656968,N
657796,N
658548,N
659292,N
660076,N
660892,N
661716,N
662468,N
663244,N
664012,N
664776,N
665564,N
666284,N
667000,N
667684,N
668380,N
669276,N
670140,N
670964,N
671744,N
672468,N
673176,N
673920,N
674680,N
675460,N
676260,N
677004,N
677740,N
678472,N
679240,N
680008,N
680784,N
681560,N
682316,N
683068,N
683780,N
684476,N
685236,N
686080,N
686868,N
687632,N
688428,N
689228,N
690024,N
690752,N
691448,N
692156,N
692900,N
693648,N
694392,N
695196,N
696092,N
696904,N
697688,N
698476,N
699264,N
700016,N
700768,N
701540,N
702360,N
703148,N
703872,N
704596,N
705380,N
706244,N
707064,N
707804,N
708524,N
709260,N
710020,N
710828,N
711592,N
712316,N
713012,N
713744,N
714532,N
715320,N
716060,N
716828,N
717608,N
718364,N
719108,N
719888,N
720744,N
721596,N
722408,N
723252,N
724052,N
724816,N
725592,N
726416,N
727188,N
727976,N
728796,N
729584,N
730328,N
731088,N
731888,N
732656,N
733408,N
734188,N
734948,N
735680,N
736416,N
737196,N
738032,N
738828,N
739556,N
740304,N
741060,N
741832,N
742576,N
743328,N
744112,N
744972,N
745772,N
746536,N
747276,N
748000,N
748696,N
749368,N
750068,N
750920,N
751864,N
752720,N
753472,N
754176,N
754888,N
755652,N
756500,N
757244,N
757984,N
758776,N
759564,N
760316,N
761060,N
761824,N
762652,N
763452,N
764200,N
764912,N
765636,N
766444,N
767364,N
768216,N
768988,N
769708,N
770432,N
771180,N
771944,N
772696,N
773416,N
774120,N
774864,N
775860,N
776708,N
777452,N
778188,N
778944,N
779696,N
780428,N
781164,N
781920,N
782656,N
783384,N
784148,N
784908,N
785692,N
786424,N
787140,N
787856,N
788600,N
789368,N
790096,N
790860,N
791596,N
792300,N
793016,N
793792,N
794612,N
795360,N
796100,N
796884,N
797700,N
798464,N
799256,N
800092,N
800900,N
801636,N
802416,N
803200,N
803964,N
804684,N
805436,N
806248,N
807120,N
807912,N
808652,N
809448,N
810284,N
811148,N
811908,N
812660,N
813436,N
814236,N
814984,N
815680,N
816348,N
817056,N
818240,N
819208,N
820060,N
820788,N
821540,N
822428,N
823324,N
824148,N
825028,N
825860,N
826628,N
827432,N
828348,N
829136,N
829904,N
830768,N
831648,N
832424,N
833144,N
833920,N
834808,N
835672,N
836456,N
837320,N
838228,N
839108,N
839912,N
840760,N
841656,N
842544,N
843364,N
844168,N
845080,N
845988,N
846772,N
847532,N
848408,N
849352,N
850180,N
850948,N
851780,N
852656,N
853480,N
854264,N
854996,N
855692,N
856416,N
857496,N
858420,N
859312,N
860148,N
860960,N
861688,N
862364,N
863012,N
863652,N
864292,N
864992,N
865812,N
866556,N
867272,N
868000,N
868780,N
869476,N
870132,N
870776,N
871412,N
872064,N
872816,N
873656,N
874452,N
875240,N
875956,N
876700,N
877380,N
878048,N
878748,N
879444,N
880160,N
881124,N
881988,N
882764,N
883580,N
884380,N
885152,N
885868,N
886564,N
887308,N
888108,N
888828,N
889544,N
890288,N
891112,N
891980,N
892824,N
893568,N
894300,N
895016,N
895688,N
896328,N
896956,N
897588,N
898280,N
899392,N
900368,N
901328,N
902236,N
903016,N
903804,N
904660,N
905492,N
906272,N
907124,N
908156,N
908976,N
909724,N
910508,N
911400,N
912232,N
912988,N
913776,N
914616,N
915492,N
916272,N
917056,N
917888,N
918804,N
919676,N
920472,N
921264,N
922052,N
922800,N
923620,N
924612,N
925552,N
926440,N
927236,N
927952,N
928704,N
929776,N
930684,N
931564,N
932424,N
933272,N
934140,N
934968,N
935728,N
936512,N
937348,N
938248,N
939068,N
939880,N
940632,N
941348,N
942060,N
942816,N
943744,N
944628,N
945484,N
946224,N
946960,N
947708,N
948552,N
949320,N
950056,N
950836,N
951760,N
952636,N
953460,N
954220,N
954948,N
955656,N
956432,N
957384,N
958184,N
958908,N
959632,N
960372,N
961188,N
961984,N
962720,N
963484,N
964288,N
965092,N
965876,N
966700,N
967536,N
968292,N
969092,N
969940,N
970744,N
971476,N
972188,N
972924,N
973712,N
974604,N
975376,N
976176,N
976976,N
977708,N
978440,N
979200,N
980028,N
980808,N
981536,N
982240,N
982956,N
983724,N
984544,N
985280,N
986036,N
986804,N
987600,N
988360,N
989076,N
989792,N
990544,N
991360,N
992164,N
992924,N
993688,N
994448,N
995208,N
995932,N
996648,N
997336,N
998068,N
998912,N
999780,N
1000612,N
1001396,N
1002160,N
1002920,N
1003692,N
1004452,N
1005196,N
1006020,N
1006888,N
1007708,N
1008464,N
1009256,N
1010072,N
1010896,N
1011624,N
1012300,N
1013008,N
1013904,N
1014748,N
1015520,N
1016312,N
1017184,N
1017940,N
1018660,N
1019420,N
1020216,N
1020996,N
1021744,N
1022520,N
1023344,N
1024192,N
1024935,N
1025688,N
1026455,N
1027212,N
1027928,N
1028672,N
1029460,N
1030240,N
1030980,N
1031695,N
1032488,N
1033400,N
1034215,N
1034992,N
1035771,N
1036576,N
1037356,N
1038119,N
1038856,N
1039616,N
1040412,N
1041184,N
1041988,N
1042819,N
1043584,N
1044352,N
1045160,N
1045972,N
1046700,N
1047488,N
1048288,N
1049044,N
1049836,N
1050616,N
1051376,N
1052108,N
1052868,N
1053664,N
1054512,N
1055328,N
1056172,N
1056972,N
1057740,N
1058572,N
1059404,N
1060180,N
1060932,N
1061716,N
1062524,N
1063288,N
1064064,N
1064888,N
1065676,N
1066416,N
1067188,N
1068000,N
1068784,N
1069504,N
1070216,N
1070960,N
1071936,N
1072696,N
1073408,N
1074164,N
1075000,N
1075788,N
1076556,N
1077308,N
1078052,N
1078836,N
1079700,N
1080516,N
1081252,N
1082040,N
1082872,N
1083744,N
1084492,N
1085264,N
1086080,N
1086848,N
1087576,N
1088352,N
1089216,N
1089988,N
1090728,N
1091480,N
1092316,N
1093104,N
1093840,N
1094604,N
1095428,N
1096348,N
1097132,N
1097892,N
1098676,N
1099456,N
1100188,N
1100936,N
1101700,N
1102460,N
1103168,N
1103884,N
1104616,N
1105336,N
1106044,N
1106800,N
1107604,N
1108420,N
1109168,N
1109952,N
1110772,N
1111524,N
1112284,N
1113048,N
1113824,N
1114556,N
1115248,N
1115984,N
1116860,N
1117780,N
1118580,N
1119400,N
1120200,N
1120936,N
1121688,N
1122516,N
1123340,N
1124092,N
1124852,N
1125616,N
1126388,N
1127132,N
1127884,N
1128684,N
1129512,N
1130272,N
1131028,N
1131804,N
1132624,N
1133424,N
1134148,N
1134868,N
1135632,N
1136492,N
1137268,N
1137968,N
1138656,N
1139376,N
1140068,N
1140728,N
1141396,N
1142064,N
1142796,N
1143664,N
1144528,N
1145300,N
1146060,N
1146836,N
1147560,N
1148236,N
1148888,N
1149536,N
1150284,N
1151416,N
1152400,N
1153328,N
1154136,N
1154864,N
1155628,N
1156716,N
1157504,N
1158244,N
1159044,N
1159948,N
1160736,N
1161476,N
1162284,N
1163228,N
1164132,N
1164968,N
1165816,N
1166632,N
1167412,N
1168160,N
1168944,N
1169744,N
1170528,N
1171336,N
1172108,N
1172820,N
1173564,N
1174396,N
1175272,N
1176048,N
1176848,N
1177664,N
1178480,N
1179272,N
1179996,N
1180732,N
1181552,N
1182388,N
1183152,N
1183868,N
1184640,N
1185476,N
1186236,N
1186960,N
1187720,N
1188480,N
1189228,N
1190016,N
1190848,N
1191616,N
1192328,N
1193060,N
1193856,N
1194640,N
1195368,N
1196128,N
1196964,N
1197736,N
1198472,N
1199224,N
1200068,N
1200828,N
1201576,N
1202384,N
1203272,N
1204080,N
1204896,N
1205716,N
1206484,N
1207224,N
1207964,N
1208856,N
1209808,N
1210728,N
1211568,N
1212400,N
1213244,N
1214080,N
1214868,N
1215588,N
1216360,N
1217256,N
1218144,N
1219012,N
1219912,N
1220820,N
1221596,N
1222316,N
1223064,N
1223892,N
1224668,N
1225448,N
1226296,N
1227144,N
1227912,N
1228708,N
1229572,N
1230344,N
1231116,N
1231896,N
1232724,N
1233516,N
1234360,N
1235160,N
1235968,N
1236868,N
1237824,N
1238724,N
1239604,N
1240400,N
1241148,N
1241944,N
1242772,N
1243628,N
1244420,N
1245216,N
1246100,N
1246968,N
1247828,N
1248620,N
1249440,N
1250308,N
1251196,N
1251984,N
1252744,N
1253536,N
1254384,N
1255200,N
1255956,N
1256732,N
1257548,N
1258440,N
1259256,N
1260044,N
1260876,N
1261716,N
1262468,N
1263204,N
1263972,N
1264804,N
1265596,N
1266340,N
1267048,N
1267832,N
1268796,N
1269580,N
1270320,N
1271072,N
1271860,N
1272628,N
1273396,N
1274196,N
1274944,N
1275688,N
1276444,N
1277208,N
1277948,N
1278704,N
1279464,N
1280228,N
1280980,N
1281712,N
1282468,N
1283236,N
1283972,N
1284696,N
1285492,N
1286324,N
1287140,N
1287900,N
1288676,N
1289468,N
1290280,N
1291008,N
1291744,N
1292556,N
1293428,N
1294200,N
1294976,N
1295768,N
1296540,N
1297280,N
1298028,N
1298808,N
1299640,N
1300408,N
1301160,N
1301972,N
1302788,N
1303572,N
1304348,N
1305124,N
1305932,N
1306704,N
1307524,N
1308396,N
1309248,N
1310024,N
1310820,N
1311616,N
1312388,N
1313128,N
1313904,N
1314716,N
1315540,N
1316280,N
1316968,N
1317672,N
1318556,N
1319424,N
1320204,N
1320992,N
1321844,N
1322620,N
1323340,N
1324068,N
1324848,N
1325712,N
1326516,N
1327304,N
1328104,N
1328908,N
1329676,N
1330480,N
1331332,N
1332164,N
1332972,N
1333788,N
1334588,N
1335368,N
1336204,N
1337080,N
1337856,N
1338616,N
1339396,N
1340228,N
1340980,N
1341712,N
1342468,N
1343240,N
1344016,N
1344764,N
1345544,N
1346368,N
1347184,N
1347952,N
1348756,N
1349616,N
1350420,N
1351188,N
1351948,N
1352748,N
1353548,N
1354292,N
1355044,N
1355796,N
1356564,N
1357284,N
1357960,N
1358640,N
1359388,N
1360240,N
1361004,N
1361784,N
1362588,N
1363400,N
1364160,N
1364920,N
1365688,N
1366432,N
1367160,N
1367920,N
1368676,N
1369436,N
1370172,N
1370884,N
1371648,N
1372492,N
1373264,N
1374020,N
1374804,N
1375620,N
1376368,N
1377128,N
1377908,N
1378728,N
1379472,N
1380236,N
1381036,N
1381860,N
1382632,N
1383420,N
1384252,N
1385084,N
1385864,N
1386632,N
1387424,N
1388216,N
1388956,N
1389700,N
1390472,N
1391408,N
1392188,N
1392924,N
1393692,N
1394588,N
1395384,N
1396136,N
1396920,N
1397752,N
1398604,N
1399364,N
1400100,N
1400888,N
1401728,N
1402508,N
1403240,N
1404012,N
1404848,N
1405712,N
1406484,N
1407244,N
1408064,N
1408896,N
1409668,N
1410388,N
1411140,N
1412212,N
1413124,N
1413920,N
1414652,N
1415432,N
1416324,N
1417128,N
1417892,N
1418800,N
1419808,N
1420680,N
1421440,N
1422260,N
1423168,N
1423960,N
1424712,N
1425500,N
1426416,N
1427208,N
1427972,N
1428884,N
1429748,N
1430528,N
1431352,N
1432232,N
1433008,N
1433808,N
1434612,N
1435408,N
1436144,N
1436916,N
1437756,N
1438540,N
1439324,N
1440092,N
1440852,N
1441632,N
1442436,N
1443144,N
1443816,N
1444492,N
1445260,N
1446072,N
1446856,N
1447688,N
1448508,N
1449276,N
1450040,N
1450840,N
1451608,N
1452364,N
1453152,N
1453944,N
1454692,N
1455456,N
1456232,N
1456988,N
1457704,N
1458408,N
1459144,N
1459920,N
1460644,N
1461388,N
1462152,N
1462916,N
1463632,N
1464288,N
1464920,N
1465556,N
1466296,N
1467192,N
1467892,N
1468552,N
1469220,N
1469868,N
1470532,N
1471240,N
1471952,N
1472632,N
1473356,N
1474140,N
1474872,N
1475572,N
1476284,N
1476964,N
1477640,N
1478328,N
1479044,N
1479740,N
1480428,N
1481128,N
1481836,N
1482528,N
1483224,N
1483932,N
1484648,N
1485344,N
1486020,N
1486736,N
1487536,N
1488276,N
1488988,N
1489724,N
1490492,N
1491252,N
1491964,N
1492712,N
1493500,N
1494236,N
1494912,N
1495600,N
1496308,N
1497116,N
1497924,N
1498688,N
1499408,N
1500144,N
1500888,N
1501668,N
1502368,N
1503036,N
1503696,N
1504352,N
1505068,N
1506068,N
1506872,N
1507604,N
1508412,N
1509252,N
1510036,N
1510780,N
1511636,N
1512560,N
1513356,N
1514080,N
1514796,N
1515488,N
1516140,V
1516804,N
1517484,N
1518300,N
1519196,N
1520092,N
1520968,N
1521780,N
1522560,N
1523408,N
1524304,N
1525184,N
1525956,N
1526668,N
1527416,N
1528320,N
1529116,N
1529928,N
1530812,N
1531616,N
1532376,N
1533172,N
1534016,N
1534812,N
1535580,N
1536432,N
1537292,N
1538052,N
1538788,N
1539604,N
1540532,N
1541368,N
1542132,N
1542940,N
1543832,N
1544720,N
1545568,N
1546324,N
1547116,N
1547984,N
1548792,N
1549536,N
1550348,N
1551344,N
1552244,N
1553016,N
1553796,N
1554648,N
1555592,N
1556424,N
1557300,N
1558184,N
1558980,N
1559796,N
1560604,N
1561376,N
1562116,N
1562924,N
1563940,N
1564728,N
1565480,N
1566320,N
1567192,N
1567980,N
1568812,N
1569676,N
1570500,N
1571260,N
1572048,N
1572920,N
1573792,N
1574568,N
1575408,N
1576232,N
1576992,N
1577784,N
1578664,N
1579544,N
1580316,N
1581100,N
1581916,N
1582728,N
1583504,N
1584404,N
1585352,N
1586196,N
1587008,N
1587828,N
1588620,N
1589352,N
1590080,N
1590844,N
1591652,N
1592428,N
1593228,N
1594072,N
1594904,N
1595680,N
1596432,N
1597236,N
1598056,N
1598816,N
1599584,N
1600380,N
1601184,N
1601936,N
1602668,N
1603464,N
1604508,N
1605376,N
1606124,N
1606976,N
1608020,N
1608924,N
1609768,N
1610772,N
1611712,N
1612516,N
1613380,N
1614372,N
1615216,N
1615992,N
1617112,N
1618100,N
1618960,N
1619872,N
1620728,N
1621640,N
1622412,N
1623144,N
1623976,N
1625048,N
1625892,N
1626724,N
1627548,N
1628328,N
1629068,N
1629844,N
1630692,N
1631524,N
1632344,N
1633280,N
1634212,N
1635072,N
1635976,N
1636856,N
1637668,N
1638560,N
1639580,N
1640500,N
1641344,N
1642268,N
1643248,N
1644148,N
1645020,N
1645932,N
1646792,N
1647576,N
1648320,N
1649492,N
1650460,N
1651332,N
1652228,N
1653112,N
1653936,N
1654696,N
1655496,N
1656456,N
1657288,N
1658040,N
1658832,N
1659772,N
1660644,N
1661428,N
1662228,N
1663168,N
1663976,N
1664708,N
1665460,N
1666308,N
1667192,N
1667956,N
1668760,N
1669696,N
1670568,N
1671320,N
1672032,N
1672708,N
1673412,N
1674448,N
1675236,N
1676092,N
1676984,N
1677760,N
1678536,N
1679356,N
1680184,N
1680956,N
1681820,N
1682812,N
1683688,N
1684496,N
1685320,N
1686212,N
1687028,N
1687880,N
1688780,N
1689608,N
1690384,N
1691164,N
1691956,N
1692740,N
1693468,N
1694224,N
1695104,N
1695904,N
1696704,N
1697508,N
1698300,N
1699008,N
1699708,N
1700504,N
1701452,N
1702216,N
1702980,N
1703764,N
1704488,N
1705184,N
1705928,N
1706720,N
1707472,N
1708248,N
1709056,N
1709908,N
1710704,N
1711544,N
1712436,N
1713224,N
1714056,N
1714960,N
1715844,N
1716696,N
1717536,N
1718360,N
1719128,N
1719908,N
1720744,N
1721592,N
1722356,N
1723076,N
1723848,N
1724812,N
1725640,N
1726448,N
1727276,N
1728120,N
1728908,N
1729704,N
1730508,N
1731292,N
1732048,N
1732836,N
1733676,N
1734496,N
1735288,N
1736092,N
1736924,N
1737676,N
1738388,N
1739160,N
1739972,N
1740768,N
1741496,N
1742240,N
1743000,N
1743764,N
1744484,N
1745260,N
1746080,N
1746868,N
1747636,N
1748440,N
1749212,N
1749912,N
1750580,N
1751248,N
1752364,N
1753340,N
1754240,N
1755040,N
1755780,N
1756580,N
1757592,N
1758448,N
1759236,N
1760112,N
1761000,N
1761800,N
1762520,N
1763284,N
1764408,N
1765332,N
1766160,N
1766980,N
1767960,N
1768832,N
1769628,N
1770472,N
1771420,N
1772260,N
1773016,N
1773804,N
1774784,N
1775644,N
1776484,N
1777352,N
1778212,N
1778992,N
1779796,N
1780688,N
1781524,N
1782280,N
1783080,N
1783984,N
1784812,N
1785564,N
1786408,N
1787388,N
1788296,N
1789096,N
1789896,N
1790668,N
1791392,N
1792072,N
1792720,N
1793356,N
1793980,N
1794640,N
1795760,N
1796680,N
1797524,N
1798300,N
1799148,N
1800052,N
1800932,N
1801716,N
1802520,N
1803396,N
1804300,N
1805156,N
1806008,N
1806920,N
1807808,N
1808644,N
1809484,N
1810304,N
1811128,N
1811936,N
1812820,N
1813748,N
1814528,N
1815400,N
1816356,N
1817216,N
1818060,N
1818936,N
1819812,N
1820592,N
1821392,N
1822276,N
1823148,N
1823928,N
1824800,N
1825744,N
1826588,N
1827456,N
1828372,N
1829220,N
1830024,N
1830876,N
1831768,N
1832560,N
1833380,N
1834260,N
1835088,N
1835860,N
1836744,N
1837752,N
1838648,N
1839500,N
1840404,N
1841300,N
1842120,N
1842904,N
1843776,N
1844712,N
1845508,N
1846296,N
1847140,N
1848016,N
1848844,N
1849744,N
1850704,N
1851616,N
1852420,N
1853240,N
1854100,N
1855000,N
1855820,N
1856664,N
1857520,N
1858276,N
1859016,N
1859872,N
1860808,N
1861588,N
1862352,N
1863180,N
1864152,N
1864956,N
1865736,N
1866548,N
1867412,N
1868208,N
1869024,N
1869912,N
1870776,N
1871536,N
1872284,N
1873076,N
1874004,N
1874820,N
1875652,N
1876496,N
1877280,N
1878000,N
1878736,N
1879548,N
1880356,N
1881124,N
1881952,N
1882860,N
1883656,N
1884468,N
1885280,N
1886092,N
1886860,N
1887708,N
1888560,N
1889360,N
1890096,N
1890792,N
1891524,N
1892664,N
1893600,N
1894424,N
1895340,N
1896316,N
1897160,N
1897940,N
1898764,N
1899720,N
1900560,N
1901372,N
1902232,N
1903064,N
1903828,N
1904600,N
1905700,N
1906616,N
1907440,N
1908228,N
1909020,N
1909800,N
1910536,N
1911324,N
1912216,N
1913136,N
1913984,N
1914876,N
1915696,N
1916500,N
1917360,N
1918332,N
1919192,N
1920048,N
1920872,N
1921692,N
1922460,N
1923276,N
1924152,N
1924992,N
1925764,N
1926588,N
1927556,N
1928384,N
1929212,N
1930216,N
1931192,N
1932044,N
1932952,N
1933952,N
1934812,N
1935628,N
1936552,N
1937584,N
1938468,N
1939288,N
1940168,N
1941032,N
1941808,N
1942636,N
1943768,N
1944648,N
1945452,N
1946260,N
1947088,N
1947876,N
1948732,N
1949620,N
1950440,N
1951208,N
1952032,N
1952896,N
1953708,N
1954436,N
1955220,N
1956060,N
1956860,N
1957604,N
1958420,N
1959240,N
1959996,N
1960712,N
1961476,N
1962296,N
1963092,N
1963808,N
1964544,N
1965296,N
1966020,N
1966728,N
1967460,N
1968224,N
1969020,N
1969808,N
1970612,N
1971500,N
1972316,N
1973076,N
1973824,N
1974524,N
1975192,N
1975836,N
1976464,N
1977108,N
1978164,N
1978940,N
1979748,N
1980492,N
1981188,N
1981860,N
1982536,N
1983696,N
1984684,N
1985620,N
1986536,N
1987332,N
1988156,N
1989020,N
1989848,N
1990616,N
1991396,N
1992396,N
1993324,N
1994184,N
1994952,N
1995828,N
1996812,N
1997596,N
1998396,N
1999228,N
2000088,N
2001016,N
2001836,N
2002612,N
2003412,N
2004340,N
2005136,N
2006008,N
2006936,N
2007776,N
2008552,N
2009376,N
2010256,N
2011116,N
2011896,N
2012704,N
2013580,N
2014436,N
2015196,N
2015984,N
2016860,N
2017716,N
2018496,N
2019324,N
2020208,N
2021064,N
2021844,N
2022652,N
2023488,N
2024348,N
2025160,N
2025956,N
2026768,N
2027536,N
2028232,N
2028928,N
2029796,N
2030924,N
2031816,N
2032620,N
2033512,N
2034452,N
2035268,N
2036088,N
2036992,N
2037816,N
2038620,N
2039520,N
2040420,N
2041208,N
2041992,N
2042972,N
2043840,N
2044624,N
2045372,N
2046272,N
2047196,N
2048043,N
2048884,N
2049795,N
2050688,N
2051524,N
2052411,N
2053348,N
2054235,N
2055083,N
2055967,N
2056820,N
2057600,N
2058464,N
2059351,N
2060152,N
2060940,N
2061815,N
2062719,N
2063524,N
2064428,N
2065360,N
2066280,N
2067080,N
2067980,N
2068900,N
2069784,N
2070596,N
2071440,N
2072260,N
2073024,N
2073752,N
2074456,N
2075728,N
2076724,N
2077628,N
2078452,N
2079368,N
2080371,N
2081315,N
2082164,N
2083000,N
2083928,N
2084851,N
2085808,N
2086684,N
2087496,N
2088411,N
2089396,N
2090239,N
2091047,N
2092004,N
2093024,N
2093904,N
2094844,N
2095824,N
2096788,N
2097716,N
2098592,N
2099400,N
2100288,N
2101300,N
2102196,N
2103088,N
2104036,N
2104944,N
2105744,N
2106584,N
2107516,N
2108424,N
2109244,N
2110096,N
2111016,N
2111848,N
2112616,N
2113452,N
2114348,N
2115248,N
2116040,N
2116784,N
2117604,N
2118496,N
2119320,N
2120104,N
2120924,N
2121792,N
2122584,N
2123372,N
2124192,N
2125036,N
2125824,N
2126568,N
2127332,N
2128160,N
2129024,N
2129804,N
2130592,N
2131428,N
2132308,N
2133072,N
2133824,N
2134628,N
2135448,N
2136196,N
2136984,N
2137872,N
2138724,N
2139520,N
2140404,N
2141296,N
2142116,N
2142964,N
2143872,N
2144692,N
2145488,N
2146328,N
2147188,N
2147976,N
2148808,N
2149708,N
2150600,N
2151392,N
2152236,N
2153112,N
2153952,N
2154756,N
2155640,N
2156476,N
2157284,N
2158112,N
2159164,N
2160096,N
2160920,N
2161760,N
2162660,N
2163472,N
2164272,N
2165124,N
2166060,N
2166884,N
2167640,N
2168476,N
2169536,N
2170428,N
2171304,N
2172252,N
2173084,N
2173848,N
2174636,N
2175412,N
2176212,N
2176968,N
2177664,N
2178372,N
2179068,N
2179784,N
2180596,N
2181500,N
2182260,N
2183024,N
2183796,N
2184568,N
2185316,N
2186132,N
2187016,N
2187796,N
2188636,N
2189504,N
2190328,N
2191116,N
2191980,N
2192896,N
2193760,N
2194584,N
2195504,N
2196368,N
2197164,N
2197980,N
2198780,N
2199528,N
2200284,N
2201012,N
2201720,N
2202432,N
2203164,N
2203844,N
2204512,N
2205220,N
2206076,N
2206996,N
2207768,N
2208624,N
2209556,N
2210324,N
2211080,N
2211872,N
2212820,N
2213684,N
2214604,N
2215484,N
2216300,N
2217116,N
2218100,N
2219048,N
2219900,N
2220916,N
2221892,N
2222720,N
2223576,N
2224532,N
2225432,N
2226268,N
2227200,N
2228160,N
2228992,N
2229820,N
2230700,N
2231524,N
2232308,N
2233176,N
2234060,N
2234872,N
2235732,N
2236676,N
2237560,N
2238340,N
2239152,N
2240228,N
2241160,N
2241968,N
2242864,N
2243800,N
2244644,N
2245468,N
2246368,N
2247300,N
2248132,N
2248936,N
2249816,N
2250712,N
2251528,N
2252380,N
2253276,N
2254072,N
2254816,N
2255608,N
2256576,N
2257404,N
2258160,N
2258952,N
2259816,N
2260604,N
2261344,N
2262112,N
2263004,N
2263816,N
2264576,N
2265368,N
2266236,N
2267064,N
2267812,N
2268608,N
2269436,N
2270216,N
2271000,N
2271844,N
2272740,N
2273532,N
2274332,N
2275244,N
2276100,N
2276860,N
2277640,N
2278460,N
2279296,N
2280068,N
2280836,N
2281708,N
2282544,N
2283304,N
2284100,N
2284912,N
2285700,N
2286500,N
2287344,N
2288236,N
2289028,N
2289800,N
2290540,N
2291292,N
2292032,N
2292784,N
2293512,N
2294208,N
2294896,N
2295584,N
2296252,N
2296984,N
2297756,N
2298468,N
2299176,N
2299908,N
2300684,N
2301436,N
2302212,N
2303032,N
2303836,N
2304588,N
2305352,N
2306144,N
2306912,N
2307648,N
2308404,N
2309240,N
2310044,N
2310784,N
2311540,N
2312352,N
2313180,N
2313948,N
2314752,N
2315616,N
2316420,N
2317160,N
2317920,N
2318768,N
2319616,N
2320384,N
2321204,N
2322088,N
2322880,N
2323664,N
2324468,N
2325292,N
2326052,N
2326864,N
2327732,N
2328564,N
2329408,N
2330328,N
2331184,N
2331940,N
2332716,N
2333548,N
2334460,N
2335288,N
2336228,N
2337232,N
2338088,N
2338972,N
2339872,N
2340668,N
2341512,N
2342528,N
2343480,N
2344300,N
2345312,N
2346332,N
2347240,N
2348168,N
2349160,N
2350064,N
2351012,N
2351988,N
2352824,N
2353712,N
2354708,N
2355600,N
2356504,N
2357496,N
2358360,N
2359228,N
2360208,N
2361136,N
2361968,N
2362864,N
2363816,N
2364676,N
2365472,N
2366392,N
2367372,N
2368232,N
2369016,N
2369864,N
2370720,N
2371512,N
2372352,N
2373284,N
2374100,N
2374860,N
2375684,N
2376628,N
2377468,N
2378252,N
2379120,N
2380032,N
2380856,N
2381676,N
2382600,N
2383508,N
2384292,N
2385076,N
2385928,N
2386780,N
2387532,N
2388300,N
2389172,N
2389964,N
2390688,N
2391396,N
2392088,N
2392796,N
2393548,N
2394236,N
2394888,N
2395552,N
2396216,N
2396916,N
2397616,N
2398320,N
2399064,N
2399800,N
2400524,N
2401228,N
2401968,N
2402772,N
2403580,N
2404312,N
2405068,N
2405904,N
2406844,N
2407668,N
2408488,N
2409344,N
2410180,N
2410952,N
2411724,N
2412800,N
2413660,N
2414420,N
2415272,N
2416264,N
2417132,N
2417976,N
2419024,N
2419988,N
2420836,N
2421628,N
2422492,N
2423340,N
2424124,N
2425036,N
2425992,N
2426820,N
2427588,N
2428460,N
2429412,N
2430204,N
2430952,N
2431768,N
2432724,N
2433592,N
2434452,N
2435420,N
2436388,N
2437200,N
2438036,N
2438936,N
2439768,N
2440560,N
2441440,N
2442400,N
2443244,N
2444036,N
2444900,N
2445812,N
2446616,N
2447416,N
2448300,N
2449212,N
2450012,N
2450840,N
2451720,N
2452564,N
2453344,N
2454212,N
2455112,N
2455936,N
2456712,N
2457528,N
2458380,N
2459256,N
2460020,N
2460788,N
2461616,N
2462460,N
2463224,N
2463964,N
2464768,N
2465684,N
2466492,N
2467300,N
2468244,N
2469148,N
2470000,N
2470872,N
2471808,N
2472692,N
2473536,N
2474404,N
2475276,N
2476060,N
2476780,N
2477540,N
2478652,N
2479568,N
2480400,N
2481256,N
2482100,N
2482904,N
2483640,N
2484404,N
2485232,N
2486132,N
2486924,N
2487760,N
2488752,N
2489608,N
2490372,N
2491164,N
2492012,N
2492828,N
2493604,N
2494380,N
2495184,N
2495968,N
2496712,N
2497488,N
2498288,N
2499112,N
2499876,N
2500616,N
2501368,N
2502160,N
2502912,N
2503632,N
2504404,N
2505284,N
2506112,N
2506880,N
2507716,N
2508640,N
2509448,N
2510240,N
2511092,N
2511952,N
2512748,N
2513560,N
2514420,N
2515244,N
2516020,N
2516820,N
2517692,N
2518604,N
2519404,N
2520148,N
2521032,N
2522108,N
2523008,N
2523852,N
2524756,N
2525620,N
2526412,N
2527264,N
2528204,N
2529036,N
2529852,N
2530756,N
2531636,N
2532460,N
2533208,N
2534004,N
2535040,N
2535984,N
2536796,N
2537612,N
2538472,N
2539284,N
2540160,N
2541108,N
2541932,N
2542776,N
2543716,N
2544632,N
2545432,N
2546268,N
2547148,N
2548012,N
2548804,N
2549668,N
2550656,N
2551476,N
2552256,N
2553072,N
2553956,N
2554776,N
2555636,N
2556484,N
2557352,N
2558160,N
2558996,N
2559832,N
2560636,N
2561400,N
2562184,N
2563028,N
2563880,N
2564656,N
2565464,N
2566300,N
2567088,N
2567852,N
2568696,N
2569576,N
2570384,N
2571184,N
2572064,N
2572940,N
2573752,N
2574560,N
2575388,N
2576152,N
2576892,N
2577676,N
2578568,N
2579344,N
2580076,N
2580856,N
2581836,N
2582676,N
2583520,N
2584484,N
2585352,N
2586172,N
2586996,N
2587856,N
2588712,N
2589484,N
2590288,N
2591196,N
2592036,N
2592784,N
2593468,N
2594152,N
2594904,N
2596040,N
2596988,N
2597784,N
2598516,N
2599336,N
2600264,N
2601088,N
2601848,N
2602628,N
2603468,N
2604280,N
2605056,N
2605868,N
2606740,N
2607608,N
2608424,N
2609232,N
2610080,N
2610944,N
2611756,N
2612556,N
2613416,N
2614180,N
2614900,N
2615600,N
2616284,N
2617012,N
2617780,N
2618528,N
2619360,N
2620296,N
2621152,N
2621920,N
2622700,N
2623544,N
2624368,N
2625128,N
2625952,N
2626752,N
2627524,N
2628340,N
2629212,N
2629996,N
2630764,N
2631592,N
2632504,N
2633352,N
2634148,N
2634996,N
2635888,N
2636692,N
2637544,N
2638420,N
2639324,N
2640144,N
2640940,N
2641780,N
2642620,N
2643404,N
2644208,N
2645064,N
2645984,N
2646812,N
2647660,N
2648536,N
2649376,N
2650188,N
2651056,N
2651964,N
2652824,N
2653724,N
2654596,N
2655460,N
2656260,N
2657052,N
2657956,N
2658920,N
2659804,N
2660624,N
2661496,N
2662348,N
2663152,N
2663948,N
2664828,N
2665788,N
2666600,N
2667404,N
2668304,N
2669216,N
2670040,N
2670876,N
2671896,N
2672872,N
2673732,N
2674644,N
2675576,N
2676400,N
2677168,N
2677972,N
2678932,N
2679784,N
2680540,N
2681276,N
2682096,N
2683176,N
2684020,N
2684852,N
2685796,N
2686696,N
2687488,N
2688304,N
2689136,N
2689996,N
2690840,N
2691628,N
2692500,N
2693412,N
2694212,N
2695012,N
2696004,N
2696932,N
2697748,N
2698604,N
2699536,N
2700396,N
2701192,N
2702080,N
2702956,N
2703800,N
2704656,N
2705620,N
2706492,N
2707288,N
2708148,N
2709048,N
2709852,N
2710624,N
2711460,N
2712336,N
2713172,N
2713912,N
2714760,N
2715720,N
2716548,N
2717352,N
2718300,N
2719160,N
2719948,N
2720752,N
2721592,N
2722440,N
2723244,N
2724112,N
2725032,N
2725856,N
2726652,N
2727504,N
2728428,N
2729272,N
2730080,N
2730952,N
2731860,N
2732664,N
2733496,N
2734440,N
2735352,N
2736168,N
2736940,N
2737780,N
2738664,N
2739448,N
2740188,N
2741000,N
2741956,N
2742804,N
2743584,N
2744420,N
2745216,N
2745968,N
2746676,N
2747440,N
2748440,N
2749276,N
2750052,N
2750952,N
2751928,N
2752816,N
2753644,N
2754504,N
2755352,N
2756152,N
2756932,N
2757760,N
2758620,N
2759428,N
2760236,N
2761080,N
2761980,N
2762816,N
2763580,N
2764356,N
2765184,N
2766036,N
2766828,N
2767604,N
2768420,N
2769336,N
2770196,N
2770968,N
2771764,N
2772624,N
2773448,N
2774256,N
2775076,N
2775868,N
2776604,N
2777416,N
2778336,N
2779164,N
2779984,N
2780844,N
2781652,N
2782396,N
2783128,N
2783896,N
2784792,N
2785588,N
2786364,N
2787172,N
2788048,N
2788852,N
2789652,N
2790532,N
2791388,N
2792228,N
2793012,N
2793820,N
2794656,N
2795424,N
2796168,N
2796988,N
2797936,N
2798724,N
2799540,N
2800448,N
2801320,N
2802120,N
2802964,N
2803832,N
2804616,N
2805388,N
2806204,N
2807112,N
2807936,N
2808796,N
2809656,N
2810440,N
2811172,N
2811904,N
2812740,N
2813688,N
2814528,N
2815400,N
2816296,N
2817116,N
2817892,N
2818720,N
2819580,N
2820380,N
2821152,N
2821968,N
2822880,N
2823732,N
2824584,N
2825444,N
2826260,N
2827016,N
2827816,N
2828700,N
2829548,N
2830320,N
2831056,N
2831840,N
2832724,N
2833548,N
2834304,N
2835096,N
2835972,N
2836824,N
2837588,N
2838312,N
2839072,N
2839872,N
2840652,N
2841408,N
2842220,N
2843132,N
2843944,N
2844740,N
2845540,N
2846312,N
2847036,N
2847788,N
2848624,N
2849488,N
2850272,N
2851056,N
2851896,N
2852784,N
2853556,N
2854260,N
2854980,N
2855836,N
2856704,N
2857468,N
2858252,N
2859076,N
2859936,N
2860692,N
2861412,N
2862184,N
2863088,N
2863908,N
2864636,N
2865348,N
2866100,N
2866880,N
2867656,N
2868364,N
2869092,N
2869980,N
2870884,N
2871664,N
2872436,N
2873248,N
2874108,N
2874900,N
2875704,N
2876556,N
2877508,N
2878404,N
2879184,N
2879972,N
2880784,N
2881572,N
2882372,N
2883276,N
2884256,N
2885092,N
2885836,N
2886572,N
2887452,N
2888372,N
2889164,N
2889980,N
2890824,N
2891756,N
2892608,N
2893376,N
2894160,N
2894976,N
2895828,N
2896624,N
2897420,N
2898288,N
2899104,N
2899920,N
2900792,N
2901720,N
2902504,N
2903300,N
2904220,N
2905148,N
2905968,N
2906812,N
2907660,N
2908452,N
2909224,N
2910104,N
2910964,N
2911784,N
2912624,N
2913576,N
2914484,N
2915276,N
2916088,N
2916908,N
2917700,N
2918452,N
2919308,N
2920448,N
2921452,N
2922252,N
2922976,N
2923752,N
2924712,N
2925540,N
2926392,N
2927460,N
2928320,N
2929172,N
2930112,N
2930996,N
2931812,N
2932740,N
2933684,N
2934532,N
2935360,N
2936292,N
2937232,N
2938064,N
2938956,N
2939968,N
2940868,N
2941740,N
2942660,N
2943556,N
2944344,N
2945144,N
2946048,N
2947164,N
2948036,N
2948868,N
2949772,N
2950688,N
2951500,N
2952312,N
2953200,N
2954080,N
2954872,N
2955668,N
2956612,N
2957552,N
2958364,N
2959196,N
2960060,N
2960868,N
2961668,N
2962516,N
2963348,N
2964172,N
2965036,N
2965876,N
2966712,N
2967564,N
2968488,N
2969404,N
2970224,N
2971012,N
2971924,N
2972860,N
2973708,N
2974508,N
2975404,N
2976312,N
2977132,N
2977952,N
2978856,N
2979696,N
2980480,N
2981284,N
2982156,N
2982960,N
2983708,N
2984460,N
2985252,N
2986108,N
2986896,N
2987628,N
2988412,N
2989348,N
2990180,N
2990984,N
2991864,N
2992752,N
2993576,N
2994324,N
2995092,N
2995908,N
2996720,N
2997512,N
2998368,N
2999260,N
3000064,N
3000764,N
3001476,N
3002632,N
3003536,N
3004444,N
3005452,N
3006288,N
3007072,N
3007904,N
3008760,N
3009548,N
3010364,N
3011284,N
3012256,N
3013088,N
3013864,N
3014652,N
3015592,N
3016492,N
3017308,N
3018156,N
3019000,N
3019764,N
3020472,N
3021144,N
3021816,N
3023104,N
3024056,N
3024916,N
3025712,N
3026492,N
3027336,N
3028192,N
3028984,N
3029800,N
3030664,N
3031488,N
3032268,N
3033036,N
3033824,N
3034572,N
3035284,N
3035960,N
3036628,N
3037356,N
3038040,N
3038700,N
3039352,N
3040000,N
3040660,N
3041380,N
3042152,N
3042876,N
3043636,N
3044432,N
3045256,N
3046004,N
3046736,N
3047516,N
3048328,N
3049160,N
3049912,N
3050652,N
3051408,N
3052168,N
3052908,N
3053612,N
3054280,N
3054964,N
3055848,N
3056824,N
3057708,N
3058464,N
3059176,N
3059936,N
3060860,N
3061660,N
3062380,N
3063140,N
3063920,N
3064636,N
3065320,N
3065984,N
3066696,N
3067640,N
3068448,N
3069140,N
3069808,N
3070540,N
3071352,N
3072176,N
3072932,N
3073728,N
3074524,N
3075284,N
3076008,N
3076716,N
3077396,N
3078052,N
3078696,N
3079340,N
3079992,N
3080656,N
3081368,N
3082044,N
3082720,N
3083396,N
3084108,N
3084800,N
3085484,N
3086176,N
3086876,N
3087572,N
3088240,N
3088916,N
3089588,N
3090260,N
3090928,N
3091592,N
3092256,N
3092940,N
3093672,N
3094412,N
3095120,N
3095832,N
3096576,N
3097372,N
3098116,N
3098824,N
3099532,N
3100264,N
3101012,N
3101720,N
3102436,N
3103176,N
3103956,N
3104676,N
3105400,N
3106172,N
3106900,N
3107592,N
3108284,N
3108980,N
3109728,N
3110484,N
3111192,N
3111892,N
3112572,N
3113224,N
3113860,N
3114500,N
3115152,N
3115852,N
3116524,N
3117200,N
3117956,N
3118888,N
3119712,N
3120456,N
3121248,N
3122100,N
3122892,N
3123636,N
3124488,N
3125496,N
3126404,N
3127188,N
3127956,N
3128756,N
3129716,N
3130540,N
3131328,N
3132216,N
3133232,N
3134080,N
3135012,N
3136028,N
3136820,N
3137572,N
3138316,N
3139068,N
3139800,N
3140528,N
3141336,N
3142272,N
3143076,N
3143840,N
3144636,N
3145484,N
3146344,N
3147120,N
3147904,N
3148756,N
3149708,N
3150608,N
3151404,N
3152212,N
3153096,N
3153880,N
3154612,N
3155396,N
3156516,N
3157432,N
3158268,N
3159108,N
3159920,N
3160704,N
3161484,N
3162300,N
3163148,N
3163936,N
3164692,N
3165400,N
3166100,N
3166784,N
3167440,N
3168100,N
3168776,N
3169516,N
3170264,N
3170996,N
3171776,N
3172664,N
3173484,N
3174212,N
3174976,N
3175872,N
3176756,N
3177568,N
3178372,N
3179212,N
3180116,N
3180948,N
3181728,N
3182544,N
3183404,N
3184184,N
3185004,N
3186132,N
3187096,N
3187940,N
3188772,N
3189572,N
3190400,N
3191172,N
3192000,N
3193116,N
3194056,N
3194900,N
3195732,N
3196600,N
3197000,+
3197404,N
3198180,N
3199080,N
3200052,N
3200856,N
3201628,N
3202500,N
3203524,N
3204364,N
3205272,N
3206208,N
3207088,N
3207908,N
3208740,N
3209636,N
3210452,N
3211244,N
3212188,N
3213160,N
3213968,N
3214804,N
3215696,N
3216576,N
3217368,N
3218240,N
3219164,N
3220028,N
3220816,N
3221640,N
3222536,N
3223356,N
3224172,N
3225088,N
3225996,N
3226820,N
3227664,N
3228524,N
3229388,N
3230204,N
3230952,N
3231720,N
3232592,N
3233496,N
3234272,N
3235092,N
3235980,N
3236876,N
3237708,N
3238548,N
3239376,N
3240204,N
3240964,N
3241744,N
3242632,N
3243592,N
3244452,N
3245220,N
3246012,N
3246880,N
3247664,N
3248428,N
3249256,N
3250136,N
3250964,N
3251740,N
3252532,N
3253396,N
3254252,N
3255116,N
3255988,N
3256884,N
3257740,N
3258564,N
3259420,N
3260324,N
3261136,N
3261872,N
3262588,N
3263348,N
3264480,N
3265392,N
3266300,N
3267268,N
3268216,N
3269128,N
3269928,N
3270704,N
3271480,N
3272380,N
3273228,N
3274096,N
3275100,N
3276036,N
3276884,N
3277720,N
3278620,N
3279540,N
3280372,N
3281296,N
3282240,N
3283136,N
3283908,N
3284724,N
3285644,N
3286552,N
3287384,N
3288320,N
3289260,N
3290096,N
3290864,N
3291756,N
3292784,N
3293640,N
3294480,N
3295392,N
3296200,N
3297016,N
3297896,N
3298804,N
3299620,N
3300444,N
3301260,N
3302008,N
3302756,N
3303540,N
3304568,N
3305376,N
3306196,N
3307200,N
3308092,N
3308860,N
3309616,N
3310428,N
3311248,N
3311988,N
3312784,N
3313892,N
3314900,N
3315792,N
3316684,N
3317552,N
3318324,N
3319128,N
3320280,N
3321176,N
3322080,N
3323060,N
3323992,N
3324824,N
3325688,N
3326560,N
3327384,N
3328160,N
3328984,N
3329872,N
3330672,N
3331380,N
3332096,N
3333328,N
3334312,N
3335204,N
3336084,N
3336924,N
3337708,N
3338484,N
3339272,N
3340168,N
3341000,N
3341868,N
3342764,N
3343608,N
3344392,N
3345100,N
3345780,N
3346464,N
3347132,N
3347824,N
3348552,N
3349240,N
3349888,N
3350548,N
3351192,N
3351844,N
3352516,N
3353176,N
3353808,N
3354428,N
3355128,N
3356228,N
3357180,N
3358096,N
3358932,N
3359672,N
3360432,N
3361240,N
3362096,N
3362884,N
3363740,N
3364796,N
3365716,N
3366568,N
3367444,N
3368296,N
3369308,N
3370196,N
3371056,N
3371884,N
3372700,N
3373676,N
3374700,N
3375568,N
3376496,N
3377408,N
3378272,N
3379076,N
3379896,N
3380784,N
3381680,N
3382464,N
3383292,N
3384136,N
3384992,N
3385824,N
3386696,N
3387588,N
3388400,N
3389204,N
3390064,N
3390904,N
3391696,N
3392476,N
3393332,N
3394236,N
3395028,N
3395840,N
3396724,N
3397648,N
3398452,N
3399288,N
3400228,N
3401148,N
3401984,N
3402864,N
3403784,N
3404600,N
3405428,N
3406408,N
3407352,N
3408132,N
3408916,N
3409732,N
3410612,N
3411436,N
3412276,N
3413208,N
3414152,N
3415000,N
3415872,N
3416756,N
3417568,N
3418368,N
3419360,N
3420396,N
3421284,N
3422200,N
3423132,N
3423968,N
3424772,N
3425664,N
3426756,N
3427656,N
3428604,N
3429552,N
3430440,N
3431352,N
3432260,N
3433116,N
3434008,N
3435004,N
3435844,N
3436708,N
3437580,N
3438472,N
3439268,N
3440128,N
3441028,N
3441848,N
3442656,N
3443552,N
3444420,N
3445208,N
3445972,N
3446760,N
3447608,N
3448456,N
3449232,N
3450008,N
3450836,N
3451816,N
3452700,N
3453544,N
3454424,N
3455292,N
3456068,N
3456816,N
3457636,N
3458620,N
3459456,N
3460256,N
3461136,N
3462132,N
3462944,N
3463764,N
3464724,N
3465652,N
3466444,N
3467244,N
3468136,N
3469032,N
3469860,N
3470704,N
3471604,N
3472496,N
3473324,N
3474320,N
3475284,N
3476128,N
3476992,N
3477924,N
3478796,N
3479608,N
3480504,N
3481392,N
3482228,N
3483036,N
3483856,N
3484608,N
3485304,N
3485980,N
3486676,N
3487496,N
3488624,N
3489504,N
3490412,N
3491368,N
3492232,N
3493000,N
3493808,N
3494764,N
3495572,N
3496324,N
3497120,N
3498016,N
3498832,N
3499648,N
3500588,N
3501516,N
3502316,N
3503212,N
3504180,N
3505012,N
3505800,N
3506636,N
3507624,N
3508500,N
3509336,N
3510156,N
3510944,N
3511776,N
3512924,N
3513880,N
3514772,N
3515732,N
3516700,N
3517588,N
3518496,N
3519428,N
3520316,N
3521216,N
3522132,N
3523080,N
3523920,N
3524772,N
3525816,N
3526800,N
3527684,N
3528604,N
3529520,N
3530360,N
3531236,N
3532148,N
3533028,N
3533848,N
3534744,N
3535716,N
3536584,N
3537476,N
3538372,N
3539208,N
3539996,N
3540808,N
3541692,N
3542528,N
3543328,N
3544180,N
3545068,N
3545900,N
3546676,N
3547472,N
3548320,N
3549244,N
3550056,N
3550912,N
3551792,N
3552616,N
3553380,N
3554168,N
3555200,N
3556084,N
3556892,N
3557712,N
3558824,N
3559688,N
3560484,N
3561344,N
3562340,N
3563192,N
3564080,N
3565132,N
3566132,N
3567068,N
3568004,N
3568892,N
3569656,N
3570416,N
3571236,N
3572136,N
3572980,N
3573852,N
3574848,N
3575676,N
3576520,N
3577484,N
3578364,N
3579148,N
3579944,N
3580780,N
3581612,N
3582424,N
3583260,N
3584124,N
3584892,N
3585616,N
3586352,N
3587196,N
3588044,N
3588816,N
3589636,N
3590600,N
3591400,N
3592164,N
3592944,N
3593824,N
3594700,N
3595488,N
3596284,N
3597108,N
3597912,N
3598700,N
3599524,N
3600432,N
3601252,N
3602052,N
3602896,N
3603712,N
3604480,N
3605248,N
3606076,N
3606984,N
3607804,N
3608584,N
3609388,N
3610220,N
3611012,N
3611784,N
3612580,N
3613508,N
3614444,N
3615256,N
3616060,N
3616924,N
3617688,N
3618404,N
3619100,N
3619844,N
3620720,N
3621564,N
3622376,N
3623272,N
3624228,N
3625132,N
3625992,N
3626772,N
3627540,N
3628344,N
3629412,N
3630248,N
3631024,N
3631876,N
3632784,N
3633544,N
3634256,N
3634964,N
3635840,N
3636924,N
3637768,N
3638536,N
3639292,N
3640084,N
3640852,N
3641640,N
3642720,N
3643560,N
3644296,N
3645016,N
3645888,N
3646704,N
3647428,N
3648180,N
3648960,N
3649708,N
3650492,N
3651320,N
3652064,N
3652784,N
3653476,N
3654180,N
3654924,N
3655668,N
3656488,N
3657380,N
3658212,N
3659000,N
3659824,N
3660668,N
3661468,N
3662220,N
3663020,N
3663864,N
3664680,N
3665456,N
3666196,N
3667044,N
3668036,N
3668836,N
3669580,N
3670432,N
3671532,N
3672372,N
3673112,N
3673848,N
3675044,N
3676016,N
3676880,N
3677660,N
3678460,N
3679656,N
3680600,N
3681428,N
3682300,N
3683180,N
3684012,N
3684908,N
3685872,N
3686692,N
3687568,N
3688500,N
3689420,N
3690220,N
3691036,N
3692000,N
3692980,N
3693824,N
3694688,N
3695632,N
3696464,N
3697284,N
3698448,N
3699304,N
3700124,N
3701016,N
3702024,N
3702960,N
3703908,N
3704804,N
3705560,N
3706276,N
3707096,N
3708348,N
3709304,N
3710136,N
3711112,N
3712124,N
3713020,N
3713920,N
3714856,N
3715736,N
3716588,N
3717388,N
3718144,N
3718956,N
3719904,N
3720748,N
3721496,N
3722436,N
3723588,N
3724556,N
3725424,N
3726280,N
3727136,N
3727976,N
3728732,N
3729456,N
3730220,N
3731128,N
3732032,N
3732840,N
3733712,N
3734644,N
3735488,N
3736272,N
3737068,N
3737884,N
3738740,N
3739520,N
3740328,N
3741176,N
3742012,N
3742800,N
3743640,N
3744600,N
3745532,N
3746396,N
3747200,N
3748032,N
3748888,N
3749748,N
3750584,N
3751476,N
3752524,N
3753436,N
3754256,N
3755068,N
3755972,N
3756820,N
3757620,N
3758484,N
3759360,N
3760212,N
3761016,N
3761860,N
3762748,N
3763592,N
3764372,N
3765160,N
3766012,N
3766928,N
3767712,N
3768440,N
3769244,N
3770388,N
3771260,N
3772020,N
3772804,N
3773660,N
3774504,N
3775288,N
3776124,N
3777280,N
3778136,N
3778876,N
3779572,N
3780264,N
3780992,N
3781780,N
3782572,N
3783348,N
3784060,N
3784752,N
3785464,N
3786232,N
3787300,N
3788192,N
3789048,N
3790052,N
3790992,N
3791824,N
3792680,N
3793596,N
3794500,N
3795316,N
3796128,N
3797272,N
3798224,N
3799084,N
3799948,N
3800972,N
3801968,N
3802924,N
3803908,N
3804928,N
3805888,N
3806848,N
3807764,N
3808644,N
3809560,N
3810576,N
3811556,N
3812456,N
3813352,N
3814156,N
3814992,N
3816032,N
3816904,N
3817684,N
3818504,N
3819396,N
3820192,N
3820984,N
3821952,N
3822868,N
3823664,N
3824512,N
3825368,N
3826144,N
3826876,N
3827624,N
3828440,N
3829216,N
3829972,N
3830780,N
3831656,N
3832480,N
3833244,N
3834076,N
3835088,N
3835940,N
3836760,N
3837608,N
3838468,N
3839184,N
3839888,N
3840616,N
3841424,N
3842296,N
3843156,N
3844016,N
3844832,N
3845580,N
3846376,N
3847456,N
3848396,N
3849288,N
3850164,N
3850964,N
3851724,N
3852492,N
3853308,N
3854092,N
3854876,N
3855732,N
3856676,N
3857508,N
3858360,N
3859240,N
3860084,N
3860848,N
3861616,N
3862408,N
3863220,N
3863988,N
3864748,N
3865528,N
3866384,N
3867168,N
3867936,N
3868740,N
3869596,N
3870372,N
3871104,N
3871876,N
3872796,N
3873716,N
3874584,N
3875432,N
3876252,N
3877028,N
3877864,N
3878860,N
3879764,N
3880556,N
3881372,N
3882264,N
3883144,N
3883948,N
3884940,N
3885896,N
3886752,N
3887572,N
3888452,N
3889296,N
3890080,N
3890824,N
3891652,N
3892780,N
3893652,N
3894576,N
3895616,N
3896496,N
3897320,N
3898208,N
3899228,N
3900180,N
3901152,N
3902004,N
3902804,N
3903688,N
3904860,N
3905736,N
3906620,N
3907532,N
3908396,N
3909296,N
3910404,N
3911384,N
3912280,N
3913208,N
3914140,N
3914944,N
3915736,N
3916580,N
3917580,N
3918448,N
3919380,N
3920400,N
3921296,N
3922172,N
3923140,N
3924000,N
3924776,N
3925564,N
3926376,N
3927188,N
3927984,N
3929020,N
3930040,N
3930876,N
3931656,N
3932500,N
3933416,N
3934276,N
3935152,N
3936068,N
3936892,N
3937712,N
3938564,N
3939408,N
3940228,N
3941032,N
3941940,N
3942848,N
3943660,N
3944536,N
3945472,N
3946264,N
3947056,N
3947868,N
3948712,N
3949520,N
3950332,N
3951476,N
3952420,N
3953276,N
3954168,N
3955048,N
3955844,N
3956620,N
3957480,N
3958452,N
3959260,N
3960080,N
3961012,N
3961836,N
3962660,N
3963496,N
3964316,N
3965080,N
3965880,N
3966712,N
3967572,N
3968332,N
3969124,N
3969968,N
3970828,N
3971612,N
3972428,N
3973256,N
3974044,N
3974868,N
3975672,N
3976480,N
3977276,N
3978192,N
3979104,N
3979928,N
3980844,N
3981832,N
3982712,N
3983496,N
3984284,N
3985176,N
3985968,N
3986740,N
3987580,N
3988592,N
3989408,N
3990188,N
3990996,N
3991924,N
3992776,N
3993644,N
3994600,N
3995452,N
3996256,N
3997216,N
3998124,N
3998964,N
3999796,N
4000752,N
4001708,N
4002588,N
4003612,N
4004608,N
4005464,N
4006380,N
4007356,N
4008212,N
4009012,N
4009868,N
4010864,N
4011704,N
4012540,N
4013444,N
4014320,N
4015140,N
4016028,N
4016980,N
4017796,N
4018624,N
4019520,N
4020480,N
4021300,N
4022148,N
4023140,N
4023996,N
4024792,N
4025664,N
4026708,N
4027552,N
4028356,N
4029228,N
4030068,N
4030864,N
4031700,N
4032584,N
4033376,N
4034180,N
4035200,N
4036192,N
4037032,N
4037832,N
4038736,N
4039788,N
4040636,N
4041456,N
4042452,N
4043340,N
4044132,N
4044972,N
4045860,N
4046748,N
4047532,N
4048364,N
4049244,N
4050064,N
4050888,N
4051756,N
4052620,N
4053424,N
4054164,N
4054976,N
4056000,N
4056832,N
4057592,N
4058428,N
4059248,N
4060000,N
4060704,N
4061392,N
4062072,N
4062860,N
4063792,N
4064540,N
4065256,N
4066024,N
4066760,N
4067456,N
4068132,N
4068848,N
4069956,N
4070840,N
4071608,N
4072372,N
4073188,N
4074072,N
4074864,N
4075612,N
4076436,N
4077384,N
4078288,N
4079092,N
4079928,N
4080816,N
4081648,N
4082436,N
4083276,N
4084216,N
4085100,N
4085936,N
4086728,N
4087528,N
4088376,N
4089168,N
4089888,N
4090612,N
4091884,N
4092876,N
4093740,N
4094512,N
4095368,N
4096332,N
4097160,N
4097948,N
4098852,N
4099836,N
4100660,N
4101408,N
4102167,N
4102960,N
4104020,N
4104868,N
4105743,N
4106732,N
4107688,N
4108604,N
4109508,N
4110363,N
4111247,N
4112144,N
4113051,N
4113912,N
4114764,N
4115584,N
4116460,N
4117392,N
4118260,N
4119048,N
4119819,N
4120716,N
4121696,N
4122576,N
4123399,N
4124224,N
4125084,N
4125880,N
4126724,N
4127612,N
4128456,N
4129304,N
4130228,N
4131131,N
4131968,N
4132819,N
4133667,N
4134524,N
4135344,N
4136184,N
4137167,N
4138084,N
4138888,N
4139640,N
4140435,N
4141612,N
4142564,N
4143416,N
4144296,N
4145112,N
4145944,N
4146863,N
4147740,N
4148504,N
4149296,N
4150207,N
4151124,N
4151952,N
4152852,N
4153768,N
4154640,N
4155432,N
4156279,N
4157216,N
4158036,N
4158832,N
4159904,N
4160836,N
4161648,N
4162475,N
4163420,N
4164323,N
4165116,N
4165932,N
4166816,N
4167720,N
4168600,N
4169500,N
4170452,N
4171276,N
4172064,N
4172895,N
4173932,N
4174872,N
4175700,N
4176488,N
4177464,N
4178500,N
4179356,N
4180252,N
4181216,N
4182120,N
4182948,N
4183732,N
4184656,N
4185652,N
4186471,N
4187292,N
4188279,N
4189131,N
4189920,N
4190772,N
4191640,N
4192452,N
4193240,N
4194116,N
4195080,N
4195896,N
4196676,N
4197552,N
4198528,N
4199336,N
4200140,N
4200988,N
4201868,N
4202664,N
4203420,N
4204228,N
4205192,N
4206020,N
4206832,N
4207868,N
4208856,N
4209740,N
4210676,N
4211656,N
4212612,N
4213472,N
4214348,N
4215284,N
4216152,N
4217016,N
4218212,N
4219200,N
4220080,N
4220928,N
4221836,N
4222696,N
4223504,N
4224516,N
4225504,N
4226348,N
4227160,N
4227916,N
4228632,N
4229336,N
4230080,N
4231172,N
4231992,N
4232844,N
4233692,N
4234516,N
4235328,N
4236188,N
4237040,N
4237816,N
4238620,N
4239464,N
4240284,N
4241080,N
4241916,N
4242764,N
4243584,N
4244408,N
4245268,N
4246140,N
4246972,N
4247864,N
4248820,N
4249692,N
4250492,N
4251296,N
4252092,N
4252856,N
4253564,N
4254240,N
4254928,N
4255672,N
4256364,N
4257080,N
4257784,N
4258468,N
4259152,N
4259872,N
4260652,N
4261456,N
4262196,N
4262896,N
4263624,N
4264392,N
4265168,N
4265924,N
4266688,N
4267472,N
4268216,N
4268908,N
4269556,N
4270204,N
4270868,N
4271512,N
4272136,N
4272756,N
4273392,N
4274220,N
4274916,N
4275748,N
4276760,N
4277768,N
4278704,N
4279620,N
4280608,N
4281480,N
4282260,N
4283168,N
4284240,N
4285108,N
4285948,N
4286952,N
4287856,N
4288680,N
4289576,N
4290544,N
4291340,N
4292168,N
4293036,N
4293820,N
4294596,N
4295432,N
4296532,N
4297412,N
4298192,N
4299008,N
4299924,N
4300832,N
4301624,N
4302404,N
4303348,N
4304428,N
4305384,N
4306308,N
4307192,N
4308080,N
4309000,N
4309880,N
4310712,N
4311564,N
4312436,N
4313312,N
4314204,N
4315212,N
4316184,N
4317088,N
4317880,N
4318696,N
4319556,N
4320560,N
4321384,N
4322156,N
4323000,N
4324204,N
4325140,N
4325980,N
4326864,N
4327780,N
4328624,N
4329504,N
4330424,N
4331304,N
4332148,N
4332960,N
4333776,N
4334560,N
4335412,N
4336368,N
4337276,N
4338116,N
4338976,N
4339880,N
4340744,N
4341588,N
4342448,N
4343344,N
4344204,N
4344988,N
4345816,N
4346664,N
4347432,N
4348160,N
4348864,N
4349576,N
4350712,N
4351608,N
4352404,N
4353136,N
4353828,N
4354504,N
4355216,N
4355936,N
4356652,N
4357592,N
4358612,N
4359484,N
4360240,N
4361032,N
4361892,N
4362716,N
4363444,N
4364148,N
4364860,N
4365772,N
4366748,N
4367516,N
4368252,N
4368976,N
4369756,N
4370512,N
4371244,N
4371972,N
4372684,N
4373456,N
4374292,N
4375068,N
4375836,N
4376600,N
4377380,N
4378128,N
4378880,N
4379664,N
4380496,N
4381292,N
4382140,N
4383072,N
4384008,N
4384840,N
4385688,N
4386536,N
4387384,N
4388240,N
4389112,N
4389956,N
4390832,N
4391772,N
4392708,N
4393636,N
4394552,N
4395432,N
4396252,N
4397128,N
4398012,N
4398840,N
4399660,N
4400588,N
4401580,N
4402472,N
4403276,N
4404096,N
4404972,N
4405848,N
4406624,N
4407552,N
4408648,N
4409504,N
4410280,N
4411108,N
4412256,N
4413160,N
4413988,N
4414896,N
4415896,N
4416800,N
4417576,N
4418336,N
4419116,N
4420196,N
4421016,N
4421880,N
4422912,N
4423848,N
4424696,N
4425596,N
4426540,N
4427416,N
4428268,N
4429144,N
4429984,N
4430784,N
4431648,N
4432564,N
4433432,N
4434252,N
4435048,N
4435848,N
4436756,N
4437620,N
4438444,N
4439364,N
4440384,N
4441276,N
4442140,N
4443008,N
4443840,N
4444628,N
4445480,N
4446496,N
4447396,N
4448196,N
4448968,N
4449764,N
4450756,N
4451600,N
4452420,N
4453332,N
4454280,N
4455236,N
4456212,N
4456988,N
4457752,N
4458544,N
4459432,N
4460232,N
4461004,N
4462212,N
4463236,N
4464132,N
4465088,N
4466048,N
4466948,N
4467852,N
4468792,N
4469712,N
4470492,N
4471300,N
4472260,N
4473108,N
4473888,N
4474700,N
4475588,N
4476548,N
4477416,N
4478448,N
4479452,N
4480324,N
4481300,N
4482220,N
4483064,N
4483920,N
4484816,N
4485676,N
4486492,N
4487344,N
4488276,N
4489196,N
4490056,N
4491072,N
4491988,N
4492792,N
4493536,N
4494268,N
4495160,N
4496320,N
4497172,N
4498096,N
4499080,N
4499920,N
4500816,N
4501684,N
4502496,N
4503280,N
4504092,N
4504948,N
4505776,N
4506608,N
4507552,N
4508444,N
4509400,N
4510452,N
4511384,N
4512180,N
4512964,N
4513792,N
4514724,N
4515612,N
4516580,N
4517580,N
4518516,N
4519460,N
4520396,N
4521276,N
4522172,N
4523324,N
4524292,N
4525156,N
4525924,N
4526656,N
4527428,N
4528696,N
4529612,N
4530424,N
4531296,N
4532228,N
4533020,N
4533896,N
4534912,N
4535812,N
4536800,N
4537728,N
4538576,N
4539468,N
4540324,N
4541156,N
4541916,N
4542704,N
4543932,N
4544860,N
4545724,N
4546672,N
4547580,N
4548412,N
4549396,N
4550412,N
4551288,N
4552152,N
4553092,N
4553924,N
4554744,N
4555696,N
4556616,N
4557464,N
4558320,N
4559156,N
4559968,N
4560836,N
4561640,N
4562364,N
4563092,N
4563836,N
4564576,N
4565276,N
4565932,N
4566572,N
4567232,N
4567912,N
4568900,N
4569732,N
4570456,N
4571160,N
4571900,N
4572704,N
4573472,N
4574268,N
4575192,N
4575988,N
4576712,N
4577472,N
4578636,N
4579568,N
4580344,N
4581120,N
4582076,N
4582988,N
4583840,N
4584804,N
4585784,N
4586700,N
4587612,N
4588456,N
4589336,N
4590236,N
4591344,N
4592296,N
4593096,N
4593884,N
4594724,N
4595880,N
4596904,N
4597952,N
4598932,N
4599864,N
4600844,N
4601848,N
4602796,N
4603728,N
4604616,N
4605436,N
4606196,N
4606952,N
4607764,N
4608948,N
4609860,N
4610732,N
4611728,N
4612560,N
4613356,N
4614152,N
4614932,N
4615680,N
4616384,N
4617100,N
4617780,N
4618476,N
4619176,N
4619880,N
4620604,N
4621332,N
4622092,N
4622836,N
4623552,N
4624272,N
4624984,N
4625676,N
4626348,N
4627000,N
4627684,N
4628792,N
4629684,N
4630516,N
4631292,N
4632084,N
4632968,N
4633792,N
4634724,N
4635568,N
4636324,N
4637048,N
4637816,N
4639048,N
4640048,N
4640964,N
4641840,N
4642756,N
4643588,N
4644372,N
4645308,N
4646368,N
4647300,N
4648192,N
4649120,N
4650024,N
4650840,N
4651712,N
4652580,N
4653428,N
4654300,N
4655176,N
4656000,N
4656892,N
4657812,N
4658712,N
4659556,N
4660428,N
4661308,N
4662164,N
4662980,N
4663888,N
4664792,N
4665640,N
4666504,N
4667484,N
4668344,N
4669136,N
4669976,N
4670896,N
4671732,N
4672592,N
4673508,N
4674412,N
4675232,N
4676020,N
4676892,N
4677784,N
4678608,N
4679456,N
4680328,N
4681224,N
4682056,N
4682924,N
4683872,N
4684692,N
4685472,N
4686412,N
4687336,N
4688148,N
4688924,N
4689788,N
4690888,N
4691740,N
4692664,N
4693704,N
4694608,N
4695420,N
4696188,N
4696956,N
4697792,N
4698788,N
4699672,N
4700628,N
4701640,N
4702536,N
4703368,N
4704288,N
4705220,N
4706008,N
4706704,N
4707368,N
4708048,N
4709456,N
4710560,N
4711620,N
4712428,N
4713164,N
4713952,N
4715148,N
4716064,N
4716812,N
4717580,N
4718740,N
4719620,N
4720428,N
4721424,N
4722436,N
4723420,N
4724368,N
4725264,N
4726112,N
4726980,N
4727824,N
4728632,N
4729456,N
4730356,N
4731264,N
4732196,N
4733060,N
4733856,N
4734848,N
4735668,N
4736412,N
4737180,N
4738064,N
4739000,N
4739836,N
4740716,N
4741644,N
4742472,N
4743344,N
4744340,N
4745264,N
4746148,N
4747080,N
4748016,N
4748952,N
4749776,N
4750544,N
4751360,N
4752504,N
4753432,N
4754348,N
4755264,N
4756116,N
4756932,N
4757768,N
4758700,N
4759688,N
4760556,N
4761492,N
4762560,N
4763492,N
4764304,N
4765148,N
4766016,N
4766916,N
4767740,N
4768532,N
4769748,N
4770692,N
4771532,N
4772424,N
4773472,N
4774320,N
4775136,N
4775912,N
4776704,N
4777480,N
4778252,N
4779024,N
4779784,N
4780476,N
4781164,N
4781844,N
4782544,N
4783296,N
4783988,N
4784680,N
4785408,N
4786204,N
4786928,N
4787620,N
4788316,N
4789012,N
4789716,N
4790412,N
4791104,N
4791792,N
4792484,N
4793192,N
4793960,N
4794700,N
4795408,N
4796104,N
4796832,N
4797664,N
4798500,N
4799300,N
4800040,N
4800788,N
4801548,N
4802312,N
4803076,N
4803844,N
4804652,N
4805472,N
4806236,N
4807060,N
4807972,N
4808856,N
4809640,N
4810424,N
4811220,N
4812028,N
4812784,N
4813560,N
4814384,N
4815180,N
4815920,N
4816688,N
4817464,N
4818236,N
4818960,N
4819692,N
4820516,N
4821304,N
4822060,N
4822948,N
4823900,N
4824756,N
4825516,N
4826328,N
4827296,N
4828284,N
4829104,N
4829868,N
4830680,N
4831648,N
4832536,N
4833500,N
4834512,N
4835412,N
4836168,N
4836860,N
4837544,N
4838276,N
4839440,N
4840272,N
4841168,N
4842288,N
4843296,N
4844312,N
4845364,N
4846368,N
4847272,N
4848196,N
4849156,N
4850084,N
4850912,N
4851712,N
4852620,N
4853604,N
4854508,N
4855528,N
4856516,N
4857468,N
4858288,N
4859084,N
4859900,N
4860724,N
4861528,N
4862424,N
4863676,N
4864696,N
4865636,N
4866604,N
4867532,N
4868348,N
4869264,N
4870184,N
4871132,N
4872060,N
4873060,N
4873932,N
4874752,N
4875592,N
4876816,N
4877892,N
4878844,N
4879664,N
4880404,N
4881176,N
4882404,N
4883392,N
4884340,N
4885448,N
4886456,N
4887476,N
4888472,N
4889372,N
4890296,N
4891256,N
4892220,N
4893124,N
4893984,N
4894964,N
4895948,N
4896808,N
4897708,N
4898760,N
4899592,N
4900384,N
4901348,N
4902240,N
4903028,N
4903856,N
4904692,N
4905452,N
4906188,N
4906980,N
4907884,N
4908668,N
4909384,N
4910068,N
4910732,N
4911428,N
4912640,N
4913660,N
4914632,N
4915484,N
4916468,N
4917528,N
4918516,N
4919472,N
4920400,N
4921336,N
4922248,N
4923108,N
4923920,N
4924736,N
4925496,N
4926252,N
4927072,N
4927988,N
4928940,N
4929812,N
4930872,N
4931916,N
4932956,N
4933864,N
4934672,N
4935440,N
4936264,N
4937304,N
4938224,N
4939088,N
4939916,N
4940828,N
4941856,N
4942828,N
4943732,N
4944500,N
4945280,N
4946148,N
4947292,N
4948200,N
4949208,N
4950288,N
4951260,N
4952228,N
4953212,N
4954108,N
4954864,N
4955568,N
4956276,N
4957120,N
4957888,N
4959060,N
4959892,N
4960800,N
4961824,N
4962752,N
4963844,N
4964792,N
4965692,N
4966696,N
4967748,N
4968568,N
4969372,N
4970232,N
4971256,N
4972120,N
4972996,N
4973960,N
4974864,N
4975872,N
4976792,N
4977636,N
4978400,N
4979228,N
4980412,N
4981356,N
4982256,N
4983216,N
4984232,N
4985124,N
4986048,N
4986900,N
4987712,N
4988528,N
4989752,N
4990808,N
4991696,N
4992472,N
4993244,N
4994088,N
4994948,N
4995700,N
4996400,N
4997112,N
4997964,N
4998680,N
4999376,N
5000092,N
5000844,N
5001640,N
5002404,N
5003140,N
5003892,N
5004604,N
5005328,N
5006048,N
5006792,N
5007536,N
5008252,N
5008980,N
5009732,N
5010524,N
5011288,N
5012000,N
5012728,N
5013464,N
5014196,N
5014904,N
5015588,N
5016280,N
5017000,N
5017724,N
5018424,N
5019168,N
5020320,N
5021236,N
5022104,N
5022960,N
5023816,N
5024604,N
5025424,N
5026284,N
5027120,N
5027896,N
5028712,N
5029592,N
5030460,N
5031308,N
5032256,N
5033156,N
5034012,N
5034856,N
5035680,N
5036512,N
5037260,N
5037980,N
5038704,N
5039464,N
5040224,N
5041016,N
5041876,N
5042732,N
5043504,N
5044308,N
5045132,N
5045940,N
5046696,N
5047472,N
5048252,N
5049084,N
5049880,N
5050696,N
5051556,N
5052340,N
5053076,N
5053828,N
5054572,N
5055300,N
5056024,N
5056768,N
5057480,N
5058204,N
5058940,N
5059692,N
5060432,N
5061168,N
5061932,N
5062684,N
5063400,N
5064128,N
5064880,N
5065696,N
5066456,N
5067240,N
5068108,N
5068936,N
5069704,N
5070528,N
5071352,N
5072208,N
5072996,N
5073832,N
5074660,N
5075472,N
5076252,N
5077120,N
5078080,N
5078968,N
5079752,N
5080556,N
5081376,N
5082204,N
5083044,N
5083992,N
5085000,N
5085856,N
5086648,N
5087456,N
5088328,N
5089140,N
5089964,N
5091056,N
5091984,N
5092804,N
5093652,N
5094600,N
5095456,N
5096308,N
5097432,N
5098364,N
5099276,N
5100240,N
5101188,N
5102064,N
5102996,N
5103924,N
5104768,N
5105584,N
5106680,N
5107584,N
5108392,N
5109256,N
5110260,N
5111124,N
5111928,N
5112840,N
5113840,N
5114752,N
5115564,N
5116380,N
5117248,N
5118040,N
5118816,N
5119744,N
5120736,N
5121532,N
5122256,N
5122968,N
5123752,N
5124672,N
5125440,N
5126252,N
5127404,N
5128296,N
5129084,N
5130164,N
5131104,N
5131936,N
5132740,N
5133588,N
5134416,N
5135196,N
5136032,N
5137164,N
5137964,N
5138700,N
5139488,N
5140632,N
5141388,N
5142080,N
5142760,N
5143524,N
5144420,N
5145348,N
5146108,N
5146848,N
5147692,N
5148484,N
5149276,N
5150232,N
5151152,N
5152020,N
5152864,N
5153628,N
5154404,N
5155172,N
5155944,N
5156720,N
5157476,N
5158236,N
5159008,N
5159852,N
5160680,N
5161548,N
5162376,N
5163188,N
5164024,N
5164868,N
5165676,N
5166444,N
5167204,N
5167960,N
5168756,N
5169620,N
5170460,N
5171352,N
5172288,N
5173216,N
5174004,N
5174720,N
5175412,N
5176124,N
5177252,N
5178064,N
5178908,N
5179936,N
5180944,N
5181888,N
5182728,N
5183536,N
5184324,N
5185112,N
5185876,N
5186652,N
5187424,N
5188188,N
5189028,N
5189900,N
5190660,N
5191384,N
5192096,N
5192832,N
5193568,N
5194276,N
5195016,N
5195856,N
5196812,N
5197608,N
5198460,N
5199368,N
5200288,N
5201104,N
5201980,N
5202864,N
5203664,N
5204468,N
5205300,N
5206156,N
5206944,N
5207744,N
5208580,N
5209488,N
5210348,N
5211116,N
5211884,N
5212676,N
5213480,N
5214284,N
5215056,N
5215856,N
5216776,N
5217692,N
5218532,N
5219312,N
5220116,N
5220968,N
5221780,N
5222544,N
5223328,N
5224168,N
5225060,N
5225824,N
5226544,N
5227284,N
5228068,N
5228872,N
5229660,N
5230516,N
5231468,N
5232460,N
5233288,N
5234076,N
5234880,N
5235800,N
5236652,N
5237516,N
5238492,N
5239360,N
5240124,N
5240920,N
5241800,N
5242756,N
5243632,N
5244436,N
5245312,N
5246300,N
5247252,N
5248164,N
5249104,N
5250116,N
5251032,N
5251924,N
5252884,N
5253820,N
5254640,N
5255476,N
5256400,N
5257384,N
5258248,N
5259108,N
5259956,N
5260852,N
5261676,N
5262460,N
5263248,N
5264144,N
5265076,N
5265900,N
5266760,N
5267688,N
5268628,N
5269480,N
5270348,N
5271200,N
5272084,N
5272884,N
5273616,N
5274352,N
5275208,N
5276308,N
5277176,N
5278068,N
5279164,N
5280028,N
5280900,N
5281864,N
5282728,N
5283500,N
5284340,N
5285276,N
5286160,N
5287032,N
5288052,N
5289068,N
5289912,N
5290720,N
5291636,N
5292592,N
5293432,N
5294296,N
5295436,N
5296416,N
5297312,N
5298208,N
5299140,N
5300004,N
5300784,N
5301564,N
5302668,N
5303564,N
5304380,N
5305276,N
5306292,N
5307232,N
5308120,N
5309108,N
5310124,N
5310988,N
5311864,N
5312736,N
5313520,N
5314244,N
5314940,N
5315640,N
5316404,N
5317276,N
5318000,N
5318684,N
5319344,N
5320032,N
5320848,N
5321856,N
5322632,N
5323428,N
5324316,N
5325176,N
5325952,N
5326728,N
5327520,N
5328372,N
5329160,N
5329960,N
5331020,N
5332076,N
5332908,N
5333708,N
5334488,N
5335256,N
5336008,N
5336780,N
5337628,N
5338492,N
5339312,N
5340188,N
5341208,N
5342100,N
5342980,N
5343940,N
5344876,N
5345728,N
5346544,N
5347456,N
5348328,N
5349136,N
5349916,N
5350768,N
5352060,N
5353056,N
5353948,N
5355012,N
5356080,N
5357052,N
5357972,N
5358916,N
5359884,N
5360892,N
5361792,N
5362572,N
5363400,N
5364348,N
5365304,N
5366224,N
5367404,N
5368352,N
5369296,N
5370256,N
5371172,N
5372064,N
5373032,N
5374024,N
5374912,N
5375796,N
5376760,N
5377816,N
5378652,N
5379432,N
5380400,N
5381412,N
5382252,N
5382996,N
5383732,N
5384628,N
5385752,N
5386552,N
5387360,N
5388264,N
5389164,N
5389944,N
5390772,N
5391632,N
5392452,N
5393208,N
5393976,N
5394792,N
5395656,N
5396456,N
5397260,N
5398052,N
5398780,N
5399472,N
5400168,N
5400908,N
5401900,N
5402744,N
5403548,N
5404348,N
5405500,N
5406428,N
5407284,N
5408060,N
5408816,N
5409596,N
5410428,N
5411228,N
5412044,N
5412896,N
5413792,N
5414608,N
5415420,N
5416188,N
5416948,N
5417664,N
5418400,N
5419156,N
5419960,N
5420704,N
5421472,N
5422244,N
5423048,N
5423780,N
5424476,N
5425152,N
5425808,N
5426452,N
5427084,N
5427708,N
5428320,N
5428936,N
5429556,N
5430216,N
5430900,N
5431596,N
5432296,N
5432992,N
5433684,N
5434352,N
5435000,N
5435640,N
5436264,N
5436876,N
5437488,N
5438100,N
5438712,N
5439340,N
5440012,N
5440668,N
5441324,N
5442020,N
5442848,N
5443600,N
5444324,N
5445100,N
5445936,N
5446704,N
5447460,N
5448264,N
5449076,N
5449840,N
5450616,N
5451396,N
5452212,N
5452964,N
5453724,N
5454636,N
5455596,N
5456428,N
5457276,N
5458116,N
5458912,N
5459692,N
5460608,N
5461564,N
5462380,N
5463132,N
5463968,N
5464968,N
5465784,N
5466612,N
5467468,N
5468360,N
5469148,N
5469964,N
5470944,N
5471800,N
5472624,N
5473544,N
5474504,N
5475304,N
5476124,N
5477020,N
5477852,N
5478692,N
5479664,N
5480512,N
5481348,N
5482268,N
5483128,N
5483968,N
5484872,N
5485752,N
5486608,N
5487612,N
5488564,N
5489388,N
5490244,N
5491232,N
5492212,N
5493076,N
5493984,N
5494936,N
5495800,N
5496656,N
5497572,N
5498452,N
5499268,N
5500236,N
5501144,N
5501932,N
5502728,N
5503864,N
5504780,N
5505684,N
5506644,N
5507556,N
5508396,N
5509148,N
5509924,N
5511120,N
5512072,N
5512948,N
5513844,N
5514760,N
5515572,N
5516404,N
5517288,N
5518172,N
5519200,N
5520160,N
5521004,N
5521876,N
5522824,N
5523728,N
5524588,N
5525616,N
5526592,N
5527464,N
5528340,N
5529424,N
5530348,N
5531224,N
5532128,N
5533048,N
5533908,N
5534896,N
5535932,N
5536816,N
5537724,N
5538720,N
5539636,N
5540452,N
5541304,N
5542276,N
5543168,N
5543980,N
5544848,N
5545732,N
5546612,N
5547492,N
5548428,N
5549320,N
5550180,N
5551224,N
5552128,N
5552896,N
5553740,N
5554672,N
5555560,N
5556400,N
5557344,N
5558248,N
5559064,N
5559892,N
5560744,N
5561544,N
5562368,N
5563256,N
5564116,N
5564932,N
5565768,N
5566584,N
5567360,N
5568132,N
5569000,N
5570000,N
5570916,N
5571780,N
5572764,N
5573672,N
5574468,N
5575228,N
5576004,N
5576828,N
5577764,N
5578592,N
5579548,N
5580664,N
5581604,N
5582540,N
5583448,N
5584256,N
5585020,N
5585780,N
5586576,N
5587448,N
5588244,N
5589044,N
5590016,N
5590884,N
5591744,N
5592708,N
5593592,N
5594396,N
5595252,N
5596244,N
5597092,N
5597940,N
5598792,N
5599644,N
5600448,N
5601272,N
5602304,N
5603236,N
5604032,N
5604848,N
5605700,N
5606508,N
5607308,N
5608216,N
5609116,N
5609932,N
5610808,N
5611784,N
5612648,N
5613544,N
5614548,N
5615416,N
5616220,N
5617072,N
5618072,N
5618960,N
5619784,N
5620824,N
5621792,N
5622620,N
5623484,N
5624456,N
5625400,N
5626224,N
5627096,N
5628060,N
5628828,N
5629552,N
5630300,N
5631160,N
5631980,N
5632708,N
5633468,N
5634300,N
5635196,N
5636032,N
5636788,N
5637484,N
5638152,N
5638804,N
5639468,N
5640180,N
5641024,N
5641836,N
5642572,N
5643316,N
5644112,N
5645004,N
5645828,N
5646548,N
5647292,N
5648292,N
5649160,N
5649948,N
5650844,N
5651828,N
5652676,N
5653540,N
5654404,N
5655260,N
5656044,N
5656824,N
5657652,N
5658580,N
5659432,N
5660292,N
5661112,N
5661900,N
5662772,N
5663656,N
5664496,N
5665352,N
5666248,N
5667160,N
5667984,N
5668780,N
5669600,N
5670480,N
5671328,N
5672176,N
5673084,N
5673900,N
5674704,N
5675528,N
5676376,N
5677208,N
5678072,N
5678940,N
5679728,N
5680496,N
5681304,N
5682168,N
5682992,N
5683776,N
5684588,N
5685524,N
5686344,N
5687152,N
5688036,N
5689012,N
5689872,N
5690740,N
5691628,N
5692456,N
5693228,N
5694020,N
5695040,N
5695852,N
5696676,N
5697616,N
5698540,N
5699372,N
5700240,N
5701120,N
5701916,N
5702728,N
5703684,N
5704556,N
5705372,N
5706216,N
5707064,N
5707868,N
5708712,N
5709676,N
5710552,N
5711396,N
5712360,N
5713244,N
5714056,N
5714908,N
5715856,N
5716720,N
5717620,N
5718540,N
5719408,N
5720268,N
5721192,N
5722204,N
5723020,N
5723780,N
5724576,N
5725460,N
5726228,N
5727004,N
5727768,N
5728532,N
5729288,N
5730060,N
5730852,N
5731572,N
5732264,N
5732980,N
5733748,N
5734648,N
5735480,N
5736308,N
5737200,N
5738108,N
5738920,N
5739768,N
5740648,N
5741468,N
5742252,N
5743136,N
5744196,N
5745060,N
5745896,N
5746744,N
5747556,N
5748324,N
5749180,N
5750348,N
5751288,N
5752236,N
5753124,N
5753956,N
5754860,N
5755888,N
5756736,N
5757676,N
5758676,N
5759536,N
5760396,N
5761408,N
5762288,N
5763100,N
5763988,N
5764924,N
5765740,N
5766572,N
5767464,N
5768324,N
5769140,N
5769964,N
5770796,N
5771612,N
5772408,N
5773352,N
5774240,N
5775056,N
5775900,N
5776796,N
5777600,N
5778456,N
5779316,N
5780144,N
5780932,N
5781784,N
5782792,N
5783632,N
5784520,N
5785448,N
5786252,N
5787016,N
5787832,N
5788840,N
5789688,N
5790540,N
5791372,N
5792164,N
5793048,N
5794000,N
5794820,N
5795660,N
5796568,N
5797352,N
5798080,N
5798800,N
5799620,N
5800720,N
5801584,N
5802404,N
5803232,N
5804084,N
5804884,N
5805672,N
5806492,N
5807232,N
5807976,N
5808692,N
5809440,N
5810380,N
5811244,N
5812172,N
5813112,N
5813976,N
5814824,N
5815728,N
5816612,N
5817400,N
5818204,N
5819112,N
5820020,N
5820804,N
5821516,N
5822236,N
5823380,N
5824276,N
5825052,N
5825824,N
5826932,N
5827908,N
5828840,N
5829788,N
5830672,N
5831500,N
5832368,N
5833288,N
5834208,N
5835072,N
5835992,N
5836952,N
5837816,N
5838700,N
5839696,N
5840644,N
5841464,N
5842308,N
5843324,N
5844264,N
5845076,N
5845904,N
5847020,N
5847924,N
5848824,N
5849756,N
5850732,N
5851624,N
5852520,N
5853412,N
5854308,N
5855192,N
5856004,N
5856876,N
5857728,N
5858524,N
5859412,N
5860520,N
5861448,N
5862400,N
5863400,N
5864324,N
5865220,N
5866160,N
5867076,N
5867924,N
5868832,N
5869820,N
5870680,N
5871464,N
5872260,N
5873244,N
5874172,N
5874980,N
5875792,N
5876768,N
5877684,N
5878536,N
5879496,N
5880356,N
5881148,N
5881964,N
5882820,N
5883672,N
5884512,N
5885508,N
5886448,N
5887304,N
5888176,N
5889076,N
5889976,N
5890824,N
5891740,N
5892656,N
5893536,N
5894332,N
5895148,N
5896036,N
5896940,N
5897756,N
5898628,N
5899496,N
5900288,N
5901016,N
5901748,N
5902680,N
5903700,N
5904496,N
5905324,N
5906224,N
5907064,N
5907864,N
5908688,N
5909536,N
5910352,N
5911200,N
5912060,N
5912924,N
5913724,N
5914560,N
5915320,N
5916076,N
5916992,N
5917932,N
5918768,N
5919612,N
5920412,N
5921176,N
5921928,N
5922640,N
5923324,N
5924000,N
5924756,N
5925880,N
5926752,N
5927488,N
5928240,N
5929396,N
5930364,N
5931160,N
5931956,N
5932788,N
5933576,N
5934308,N
5935088,N
5936296,N
5937252,N
5938028,N
5938880,N
5939816,N
5940624,N
5941412,N
5942568,N
5943488,N
5944368,N
5945340,N
5946300,N
5947144,N
5947940,N
5948860,N
5949872,N
5950784,N
5951744,N
5952672,N
5953580,N
5954504,N
5955436,N
5956308,N
5957192,N
5958172,N
5959168,N
5960020,N
5960912,N
5961856,N
5962712,N
5963528,N
5964484,N
5965440,N
5966272,N
5967168,N
5968100,N
5968932,N
5969760,N
5970660,N
5971560,N
5972364,N
5973204,N
5974048,N
5974840,N
5975628,N
5976456,N
5977540,N
5978392,N
5979324,N
5980228,N
5981112,N
5981920,N
5982752,N
5983612,N
5984424,N
5985292,N
5986216,N
5987044,N
5987868,N
5988816,N
5989740,N
5990608,N
5991516,N
5992484,N
5993360,N
5994128,N
5994872,N
5995680,N
5996596,N
5997420,N
5998304,N
5999216,N
6000140,N
6001020,N
6001972,N
6002876,N
6003688,N
6004500,N
6005284,N
6006060,N
6006796,N
6007564,N
6008784,N
6009764,N
6010648,N
6011596,N
6012540,N
6013364,N
6014068,N
6014744,N
6015436,N
6016436,N
6017228,N
6017948,N
6018684,N
6019444,N
6020600,N
6021572,N
6022496,N
6023452,N
6024384,N
6025264,N
6026120,N
6026952,N
6027712,N
6028444,N
6029288,N
6030412,N
6031256,N
6032108,N
6033104,N
6034012,N
6034840,N
6035712,N
6036688,N
6037556,N
6038376,N
6039284,N
6040264,N
6041216,N
6042160,N
6042984,N
6043832,N
6044676,N
6045468,N
6046288,N
6047484,N
6048464,N
6049448,N
6050404,N
6051252,N
6052016,N
6052816,N
6053988,N
6054900,N
6055844,N
6056912,N
6057880,N
6058852,N
6059840,N
6060724,N
6061588,N
6062508,N
6063432,N
6064268,N
6065168,N
6066116,N
6066948,N
6067800,N
6068696,N
6069564,N
6070360,N
6071220,N
6072120,N
6072932,N
6073768,N
6074656,N
6075544,N
6076372,N
6077276,N
6078184,N
6078952,N
6079752,N
6080576,N
6081424,N
6082296,N
6083328,N
6084268,N
6085132,N
6086076,N
6086952,N
6087764,N
6088628,N
6089628,N
6090424,N
6091248,N
6092120,N
6093076,N
6094044,N
6094968,N
6095768,N
6096556,N
6097440,N
6098304,N
6099056,N
6099780,N
6100576,N
6101700,N
6102564,N
6103412,N
6104300,N
6105144,N
6106016,N
6106932,N
6107796,N
6108604,N
6109448,N
6110292,N
6111084,N
6111956,N
6112788,N
6113672,N
6114520,N
6115304,N
6116120,N
6116948,N
6117748,N
6118496,N
6119332,N
6120400,N
6121172,N
6121884,N
6122616,N
6123748,N
6124716,N
6125636,N
6126476,N
6127348,N
6128140,N
6128856,N
6129544,N
6130224,N
6131064,N
6132328,N
6133416,N
6134488,N
6135492,N
6136388,N
6137204,N
6138048,N
6139024,N
6140000,N
6140936,N
6141844,N
6142696,N
6143476,N
6144288,N
6145188,N
6146116,N
6147032,N
6147944,N
6148792,N
6149652,N
6150552,N
6151396,N
6152196,N
6153012,N
6153900,N
6154792,N
6155704,N
6156620,N
6157588,N
6158604,N
6159512,N
6160368,N
6161136,N
6161860,N
6162608,N
6163476,N
6164372,N
6165152,N
6165996,N
6167024,N
6167824,N
6168580,N
6169432,N
6170352,N
6171156,N
6171912,N
6172716,N
6173452,N
6174168,N
6174916,N
6175712,N
6176584,N
6177412,N
6178136,N
6178856,N
6179572,N
6180296,N
6181020,N
6181720,N
6182408,N
6183092,N
6183768,N
6184432,N
6185112,N
6185788,N
6186468,N
6187164,N
6187860,N
6188548,N
6189236,N
6189924,N
6190588,N
6191236,N
6191868,N
6192504,N
6193152,N
6193800,N
6194428,N
6195056,N
6195752,N
6196800,N
6197768,N
6198688,N
6199496,N
6200220,N
6200968,N
6201784,N
6202612,N
6203388,N
6204120,N
6204892,N
6205820,N
6206760,N
6207576,N
6208456,N
6209312,N
6210152,N
6210944,N
6211780,N
6212644,N
6213476,N
6214276,N
6215116,N
6215936,N
6216768,N
6217556,N
6218364,N
6219216,N
6220104,N
6220912,N
6221684,N
6222472,N
6223328,N
6224212,N
6225012,N
6225856,N
6226836,N
6227728,N
6228524,N
6229336,N
6230304,N
6231272,N
6232080,N
6232888,N
6233772,N
6234632,N
6235408,N
6236212,N
6237340,N
6238296,N
6239180,N
6240136,N
6241136,N
6242032,N
6242888,N
6243824,N
6244744,N
6245584,N
6246452,N
6247436,N
6248408,N
6249236,N
6250088,N
6250948,N
6251836,N
6252652,N
6253560,N
6254540,N
6255496,N
6256320,N
6257176,N
6258076,N
6259032,N
6259932,N
6260852,N
6261688,N
6262492,N
6263440,N
6264388,N
6265228,N
6266024,N
6266952,N
6267840,N
6268612,N
6269436,N
6270412,N
6271320,N
6272124,N
6273012,N
6273956,N
6274784,N
6275560,N
6276348,N
6277184,N
6278072,N
6278880,N
6279696,N
6280788,N
6281716,N
6282584,N
6283484,N
6284396,N
6285252,N
6286092,N
6286964,N
6287820,N
6288612,N
6289440,N
6290324,N
6291224,N
6292032,N
6292880,N
6293780,N
6294588,N
6295396,N
6296200,N
6296976,N
6297696,N
6298392,N
6299064,N
6299712,N
6300368,N
6301036,N
6301720,N
6302468,N
6303268,N
6304008,N
6304716,N
6305488,N
6306372,N
6307108,N
6307852,N
6308620,N
6309376,N
6310076,N
6310780,N
6311500,N
6312272,N
6313056,N
6313852,N
6314652,N
6315456,N
6316180,N
6316940,N
6317760,N
6318548,N
6319300,N
6320008,N
6320744,N
6321636,N
6322584,N
6323392,N
6324176,N
6324968,N
6325736,N
6326464,N
6327216,N
6328136,N
6329080,N
6329888,N
6330736,N
6331540,N
6332296,N
6333092,N
6333932,N
6334792,N
6335604,N
6336352,N
6337056,N
6337780,N
6338916,N
6339780,N
6340540,N
6341252,N
6341928,N
6342592,N
6343256,N
6344008,N
6344748,N
6345468,N
6346164,N
6346864,N
6347916,N
6348680,N
6349476,N
6350336,N
6351144,N
6351956,N
6352808,N
6353648,N
6354496,N
6355304,N
6356084,N
6356840,N
6357624,N
6358452,N
6359224,N
6359992,N
6360780,N
6361544,N
6362288,N
6363044,N
6363896,N
6364816,N
6365608,N
6366368,N
6367200,N
6368172,N
6368972,N
6369780,N
6370636,N
6371508,N
6372304,N
6373136,N
6374024,N
6374884,N
6375672,N
6376464,N
6377316,N
6378236,N
6379088,N
6379916,N
6380812,N
6381740,N
6382640,N
6383532,N
6384424,N
6385324,N
6386156,N
6386972,N
6387872,N
6388712,N
6389480,N
6390240,N
6391000,N
6391724,N
6392452,N
6393160,N
6393836,N
6394524,N
6395236,N
6396108,N
6397220,N
6398064,N
6398888,N
6399752,N
6400636,N
6401468,N
6402264,N
6403168,N
6404112,N
6405056,N
6405968,N
6406888,N
6407788,N
6408624,N
6409416,N
6410168,N
6410956,N
6411992,N
6413012,N
6413848,N
6414652,N
6415460,N
6416232,N
6416980,N
6417740,N
6418516,N
6419280,N
6420052,N
6420856,N
6421644,N
6422396,N
6423180,N
6423964,N
6424760,N
6425524,N
6426312,N
6427112,N
6427948,N
6428760,N
6429600,N
6430424,N
6431224,N
6431992,N
6432784,N
6433660,N
6434628,N
6435552,N
6436452,N
6437324,N
6438168,N
6438952,N
6439764,N
6440608,N
6441508,N
6442300,N
6443136,N
6444088,N
6444892,N
6445636,N
6446416,N
6447608,N
6448640,N
6449492,N
6450420,N
6451384,N
6452220,N
6453004,N
6453836,N
6454988,N
6455984,N
6456844,N
6457752,N
6458808,N
6459740,N
6460616,N
6461492,N
6462376,N
6463240,N
6464048,N
6464852,N
6466000,N
6466952,N
6467788,N
6468608,N
6469588,N
6470496,N
6471332,N
6472180,N
6473084,N
6473952,N
6474720,N
6475488,N
6476356,N
6477312,N
6478196,N
6479052,N
6479948,N
6480840,N
6481648,N
6482476,N
6483372,N
6484272,N
6485072,N
6485916,N
6486888,N
6487840,N
6488688,N
6489564,N
6490432,N
6491232,N
6492008,N
6492844,N
6493756,N
6494560,N
6495372,N
6496184,N
6497036,N
6497820,N
6498636,N
6499504,N
6500380,N
6501172,N
6501960,N
6502824,N
6503676,N
6504464,N
6505248,N
6506084,N
6506960,N
6507752,N
6508572,N
6509444,N
6510304,N
6511100,N
6511916,N
6512760,N
6513548,N
6514304,N
6515064,N
6515844,N
6516600,N
6517336,N
6518112,N
6518960,N
6519748,N
6520524,N
6521332,N
6522152,N
6522908,N
6523696,N
6524524,N
6525340,N
6526104,N
6526900,N
6527736,N
6528556,N
6529316,N
6530120,N
6530988,N
6531784,N
6532564,N
6533396,N
6534388,N
6535248,N
6536096,N
6536980,N
6537816,N
6538632,N
6539520,N
6540488,N
6541344,N
6542200,N
6543152,N
6544112,N
6544972,N
6545904,N
6546884,N
6547764,N
6548584,N
6549436,N
6550380,N
6551264,N
6552144,N
6553100,N
6553996,N
6554812,N
6555648,N
6556648,N
6557664,N
6558520,N
6559372,N
6560416,N
6561312,N
6562092,N
6562928,N
6564112,N
6565056,N
6566004,N
6567012,N
6567896,N
6568652,N
6569420,N
6570600,N
6571584,N
6572480,N
6573400,N
6574392,N
6575244,N
6576040,N
6576880,N
6577768,N
6578660,N
6579488,N
6580488,N
6581504,N
6582432,N
6583300,N
6584200,N
6585128,N
6585980,N
6586860,N
6587864,N
6588776,N
6589572,N
6590396,N
6591356,N
6592304,N
6593168,N
6594056,N
6594988,N
6595872,N
6596668,N
6597492,N
6598424,N
6599376,N
6600212,N
6601060,N
6601956,N
6602808,N
6603616,N
6604504,N
6605512,N
6606376,N
6607132,N
6607864,N
6608672,N
6609824,N
6610672,N
6611420,N
6612212,N
6613116,N
6613960,N
6614780,N
6615648,N
6616536,N
6617340,N
6618136,N
6618996,N
6619956,N
6620860,N
6621732,N
6622620,N
6623496,N
6624328,N
6625116,N
6625932,N
6626852,N
6627748,N
6628552,N
6629372,N
6630232,N
6631052,N
6631836,N
6632692,N
6633692,N
6634580,N
6635392,N
6636240,N
6637068,N
6637868,N
6638640,N
6639508,N
6640476,N
6641336,N
6642232,N
6643224,N
6644144,N
6644960,N
6645764,N
6646604,N
6647400,N
6648168,N
6649004,N
6650160,N
6651016,N
6651836,N
6652752,N
6653604,N
6654396,N
6655276,N
6656232,N
6657068,N
6657888,N
6658708,N
6659576,N
6660400,N
6661244,N
6662136,N
6662984,N
6663780,N
6664588,N
6665448,N
6666256,N
6667008,N
6667784,N
6668580,N
6669364,N
6670144,N
6670980,N
6671820,N
6672596,N
6673344,N
6674124,N
6675056,N
6675884,N
6676688,N
6677588,N
6678492,N
6679284,N
6680028,N
6680792,N
6681536,N
6682252,N
6682960,N
6683632,N
6684296,N
6684964,N
6685668,N
6686536,N
6687492,N
6688312,N
6689152,N
6690052,N
6690852,N
6691640,N
6692552,N
6693480,N
6694284,N
6695120,N
6696080,N
6696896,N
6697636,N
6698444,N
6699564,N
6700448,N
6701224,N
6702088,N
6703104,N
6703940,N
6704780,N
6705696,N
6706592,N
6707416,N
6708264,N
6709136,N
6709968,N
6710852,N
6711740,N
6712556,N
6713368,N
6714200,N
6714964,N
6715692,N
6716408,N
6717332,N
6718408,N
6719264,N
6720104,N
6721232,N
6722160,N
6723028,N
6723940,N
6724860,N
6725700,N
6726504,N
6727456,N
6728360,N
6729224,N
6730092,N
6730848,N
6731556,N
6732244,N
6732912,N
6733572,N
6734248,N
6734992,N
6735740,N
6736440,N
6737172,N
6737968,N
6738784,N
6739560,N
6740328,N
6741096,N
6741868,N
6742604,N
6743344,N
6744088,N
6744852,N
6745608,N
6746392,N
6747200,N
6747996,N
6748736,N
6749508,N
6750328,N
6751120,N
6751924,N
6752748,N
6753560,N
6754316,N
6755016,N
6755708,N
6756404,N
6757156,N
6757888,N
6758680,N
6759456,N
6760272,N
6761016,N
6761696,N
6762384,N
6763072,N
6763816,N
6764580,N
6765348,N
6766084,N
6766780,N
6767480,N
6768216,N
6769128,N
6770004,N
6770784,N
6771612,N
6772504,N
6773376,N
6774180,N
6774936,N
6775772,N
6776864,N
6777764,N
6778568,N
6779448,N
6780412,N
6781284,N
6782084,N
6782972,N
6783868,N
6784736,N
6785568,N
6786472,N
6787392,N
6788248,N
6789176,N
6790204,N
6791104,N
6791884,N
6792660,N
6793456,N
6794280,N
6795084,N
6796052,N
6797120,N
6798028,N
6798920,N
6799868,N
6800712,N
6801484,N
6802296,N
6803164,N
6804004,N
6804784,N
6805624,N
6806548,N
6807436,N
6808224,N
6809020,N
6809844,N
6810776,N
6811612,N
6812440,N
6813368,N
6814280,N
6815104,N
6815960,N
6816844,N
6817680,N
6818488,N
6819388,N
6820316,N
6821140,N
6821940,N
6822800,N
6823792,N
6824652,N
6825452,N
6826296,N
6827160,N
6827992,N
6828816,N
6829636,N
6830436,N
6831252,N
6832084,N
6833020,N
6833896,N
6834760,N
6835688,N
6836516,N
6837260,N
6838080,N
6839112,N
6839976,N
6840736,N
6841552,N
6842656,N
6843512,N
6844276,N
6845104,N
6846240,N
6847220,N
6848056,N
6848828,N
6849716,N
6850812,N
6851756,N
6852576,N
6853356,N
6854556,N
6855592,N
6856472,N
6857280,N
6858224,N
6859228,N
6860084,N
6860876,N
6861804,N
6862844,N
6863672,N
6864432,N
6865272,N
6866296,N
6867168,N
6867988,N
6868912,N
6869868,N
6870744,N
6871552,N
6872384,N
6873292,N
6874192,N
6874988,N
6875792,N
6876704,N
6877640,N
6878476,N
6879348,N
6880268,N
6881140,N
6882016,N
6882924,N
6883848,N
6884696,N
6885612,N
6886600,N
6887528,N
6888480,N
6889432,N
6890228,N
6890980,N
6891840,N
6892944,N
6893820,N
6894712,N
6895728,N
6896608,N
6897456,N
6898528,N
6899488,N
6900372,N
6901296,N
6902216,N
6903112,N
6903916,N
6904672,N
6905604,N
6906668,N
6907548,N
6908328,N
6909148,N
6910232,N
6911144,N
6911956,N
6912796,N
6913740,N
6914648,N
6915476,N
6916360,N
6917240,N
6918080,N
6918876,N
6919768,N
6920748,N
6921656,N
6922540,N
6923600,N
6924532,N
6925412,N
6926324,N
6927248,N
6928080,N
6928960,N
6929864,N
6930704,N
6931584,N
6932452,N
6933288,N
6934100,N
6934968,N
6935856,N
6936652,N
6937432,N
6938308,N
6939216,N
6940044,N
6940868,N
6941820,N
6942704,N
6943532,N
6944264,N
6945028,N
6946036,N
6946928,N
6947724,N
6948496,N
6949408,N
6950344,N
6951176,N
6952024,N
6952924,N
6953792,N
6954648,N
6955592,N
6956480,N
6957272,N
6958064,N
6958860,N
6959668,N
6960476,N
6961388,N
6962224,N
6962980,N
6963752,N
6964584,N
6965436,N
6966220,N
6967016,N
6967860,N
6968768,N
6969608,N
6970500,N
6971444,N
6972304,N
6973144,N
6974060,N
6974980,N
6975804,N
6976636,N
6977676,N
6978592,N
6979400,N
6980260,N
6981280,N
6982172,N
6983084,N
6984032,N
6984960,N
6985800,N
6986628,N
6987500,N
6988432,N
6989280,N
6990152,N
6991136,N
6991988,N
6992780,N
6993608,N
6994512,N
6995328,N
6996168,N
6997064,N
6997956,N
6998768,N
6999596,N
7000444,N
7001252,N
7002024,N
7002844,N
7003868,N
7004788,N
7005648,N
7006548,N
7007420,N
7008208,N
7008952,N
7009756,N
7010804,N
7011680,N
7012476,N
7013292,N
7014148,N
7014924,N
7015696,N
7016532,N
7017428,N
7018256,N
7019080,N
7019924,N
7020716,N
7021456,N
7022188,N
7022896,N
7023572,N
7024276,N
7024984,N
7025668,N
7026456,N
7027608,N
7028564,N
7029388,N
7030332,N
7031348,N
7032196,N
7032960,N
7033668,N
7034352,N
7035032,N
7035736,N
7036572,N
7037376,N
7038108,N
7038808,N
7039500,N
7040172,N
7040816,N
7041436,N
7042076,N
7042728,N
7043360,N
7044000,N
7044640,N
7045276,N
7046000,N
7046800,N
7047496,N
7048152,N
7048800,N
7049432,N
7050052,N
7050664,N
7051260,N
7051856,N
7052448,N
7053052,N
7053680,N
7054352,N
7055028,N
7055684,N
7056360,N
7057016,N
7057668,N
7058304,N
7058932,N
7059556,N
7060172,N
7060784,N
7061384,N
7061980,N
7062576,N
7063172,N
7063780,N
7064392,N
7065000,N
7065616,N
7066280,N
7067048,N
7067876,N
7068664,N
7069408,N
7070160,N
7070884,N
7071596,N
7072292,N
7073012,N
7073736,N
7074476,N
7075192,N
7075928,N
7076708,N
7077492,N
7078220,N
7078968,N
7079744,N
7080592,N
7081396,N
7082160,N
7082932,N
7083752,N
7084544,N
7085308,N
7086088,N
7086884,N
7087636,N
7088364,N
7089108,N
7089884,N
7090644,N
7091388,N
7092160,N
7092996,N
7093804,N
7094572,N
7095364,N
7096184,N
7097020,N
7097784,N
7098572,N
7099376,N
7100160,N
7100908,N
7101676,N
7102476,N
7103276,N
7104024,N
7104720,N
7105428,N
7106264,N
7107256,N
7108048,N
7108760,N
7109460,N
7110224,N
7111300,N
7112244,N
7113060,N
7113844,N
7114636,N
7115448,N
7116208,N
7116992,N
7117916,N
7118828,N
7119628,N
7120392,N
7121116,N
7121868,N
7122696,N
7123736,N
7124560,N
7125368,N
7126252,N
7127192,N
7128012,N
7128796,N
7129660,N
7130616,N
7131472,N
7132260,N
7133028,N
7133888,N
7134952,N
7135888,N
7136716,N
7137556,N
7138360,N
7139160,N
7139988,N
7140892,N
7141720,N
7142568,N
7143464,N
7144392,N
7145216,N
7146044,N
7146872,N
7147644,N
7148420,N
7149236,N
7150184,N
7151100,N
7151840,N
7152552,N
7153256,N
7153976,N
7154668,N
7155328,N
7156004,N
7156784,N
7157916,N
7158876,N
7159728,N
7160640,N
7161600,N
7162508,N
7163308,N
7164136,N
7164996,N
7165768,N
7166524,N
7167396,N
7168328,N
7169116,N
7169916,N
7170800,N
7171640,N
7172448,N
7173324,N
7174284,N
7175148,N
7175996,N
7176856,N
7177676,N
7178420,N
7179176,N
7179928,N
7180704,N
7181448,N
7182156,N
7182880,N
7183640,N
7184416,N
7185172,N
7185924,N
7186680,N
7187480,N
7188300,N
7189072,N
7189908,N
7190660,N
7191360,N
7192044,N
7192740,N
7193476,N
7194356,N
7195108,N
7195884,N
7196696,N
7197564,N
7198404,N
7199232,N
7200060,N
7201000,N
7201888,N
7202632,N
7203376,N
7204128,N
7204944,N
7205788,N
7206592,N
7207356,N
7208104,N
7208804,N
7209532,N
7210736,N
7211584,N
7212308,N
7213060,N
7214304,N
7215252,N
7215992,N
7216732,N
7218000,N
7219040,N
7219848,N
7220600,N
7221864,N
7222916,N
7223760,N
7224712,N
